{
"type": "FeatureCollection",
"name": "Maske",
"crs": { "type": "name", "properties": { "name": "urn:ogc:def:crs:EPSG::25833" } },
"features": [
{ "type": "Feature", "properties": { "id": "01" }, "geometry": { "type": "MultiPolygon", "coordinates": [ [ [ [ 409767.389152320974972, 6139571.05159598402679 ], [ 698856.270863457815722, 6109540.023090242408216 ], [ 731125.671721178339794, 5409849.099308758042753 ], [ 99348.234706654096954, 5430873.324832891114056 ], [ 165245.942008802259807, 6066183.798749143257737 ], [ 409767.389152320974972, 6139571.05159598402679 ] ], [ [ 397182.473429268749896, 5837110.883274331688881 ], [ 397220.229073714872357, 5837171.657894178293645 ], [ 397236.503918081696611, 5837186.146255499683321 ], [ 397229.81290691124741, 5837197.072872181423008 ], [ 397197.702174042584375, 5837259.27965004555881 ], [ 397137.902051120065153, 5837190.826086218468845 ], [ 397071.867455972591415, 5837115.292018558830023 ], [ 397044.167885414906777, 5837083.723023225553334 ], [ 397000.811339619220234, 5837127.74587703961879 ], [ 396978.448632515501231, 5837150.570286414586008 ], [ 396951.373036391334608, 5837183.18370087724179 ], [ 396928.305997152114287, 5837211.021102415397763 ], [ 396927.4739556228742, 5837209.337117841467261 ], [ 396876.363303448189981, 5837145.617388446815312 ], [ 396854.026124475873075, 5837117.345834692008793 ], [ 396791.821109667012934, 5837038.139007706195116 ], [ 396672.585868146037683, 5836878.426728886552155 ], [ 396593.982959299290087, 5836773.034816978499293 ], [ 396581.095571351819672, 5836778.880042226053774 ], [ 396418.101703678956255, 5836558.207336038351059 ], [ 396404.241854104155209, 5836539.273266685195267 ], [ 396352.922633879759815, 5836469.857864508405328 ], [ 396261.061544331489131, 5836345.620248570106924 ], [ 396250.267474551103078, 5836351.125581568107009 ], [ 396060.809076793899294, 5836446.829724380746484 ], [ 395834.512332668760791, 5836561.334741641767323 ], [ 395553.104987140512094, 5836208.330728036351502 ], [ 395533.271743734832853, 5836196.009939630515873 ], [ 395483.683452783850953, 5836143.959878529421985 ], [ 395407.971105281612836, 5836064.31025679782033 ], [ 395356.747320070629939, 5836010.391509347595274 ], [ 395288.586024310672656, 5835938.697196825407445 ], [ 395279.401383623306174, 5835928.973140163347125 ], [ 395226.526857591583394, 5835872.38606215827167 ], [ 395438.289119175227825, 5835776.956728743389249 ], [ 395502.84387987392256, 5835722.43059682380408 ], [ 395585.055135540082119, 5835649.96938406303525 ], [ 395616.924116389651317, 5835622.264157910831273 ], [ 395626.263575332588516, 5835613.886814422905445 ], [ 395658.424797396932263, 5835585.776056291535497 ], [ 395673.668177574698348, 5835572.386583684012294 ], [ 395683.503599920950364, 5835563.799804447218776 ], [ 395710.141662162321154, 5835539.694010134786367 ], [ 395747.989741883764509, 5835505.675348721444607 ], [ 395764.705766408820637, 5835490.857927847653627 ], [ 395814.659645986626856, 5835446.709347784519196 ], [ 395888.421493452275172, 5835382.108641904778779 ], [ 395998.666343297925778, 5835285.31519850064069 ], [ 396020.593548808130436, 5835281.59748131968081 ], [ 396142.087988095823675, 5835260.883006394840777 ], [ 396258.198165777139366, 5835240.971121245995164 ], [ 396591.682872773148119, 5835184.018306934274733 ], [ 396628.859302678378299, 5835177.71010472252965 ], [ 396664.040444445039611, 5835171.639921986497939 ], [ 396749.056053397478536, 5835157.120408482849598 ], [ 396749.474746448162477, 5835147.613265227526426 ], [ 396749.920118597685359, 5835139.505489875562489 ], [ 396759.708926182414871, 5835133.719380849972367 ], [ 396789.091092664632015, 5835090.962998619303107 ], [ 396797.879128539876547, 5835069.39736451767385 ], [ 396798.343558282183949, 5835062.289138479158282 ], [ 396794.745006456912961, 5835051.85866438690573 ], [ 396791.958210116950795, 5835026.31404974963516 ], [ 396780.693780279601924, 5834970.433734341524541 ], [ 396783.207716447010171, 5834960.686668993905187 ], [ 396781.848189346899744, 5834952.313326897099614 ], [ 396780.82092176011065, 5834945.633500915952027 ], [ 396779.421554915665183, 5834945.660176351666451 ], [ 396779.255768620350864, 5834936.964104970917106 ], [ 396785.261541616229806, 5834932.050043980590999 ], [ 396782.818621590791736, 5834919.297742585651577 ], [ 396782.040809224185068, 5834915.212931699119508 ], [ 396781.07642642443534, 5834911.831615466624498 ], [ 396769.92773728328757, 5834888.246237962506711 ], [ 396749.704125211283099, 5834865.933751399628818 ], [ 396742.425441153696738, 5834861.772879482246935 ], [ 396726.535400663560722, 5834856.976230347529054 ], [ 396705.159104182152078, 5834842.385034243576229 ], [ 396687.624051988590509, 5834835.219953144900501 ], [ 396684.279810015577823, 5834832.883913420140743 ], [ 396681.397230729286093, 5834828.539249543100595 ], [ 396667.32057902473025, 5834819.208427645266056 ], [ 396651.284847618779168, 5834812.014764665625989 ], [ 396649.809257855755277, 5834808.043244814500213 ], [ 396642.875130475964397, 5834800.976058294996619 ], [ 396637.206115615379531, 5834792.084914186038077 ], [ 396624.730645663512405, 5834782.823559493757784 ], [ 396621.259770836913958, 5834779.090056117624044 ], [ 396614.934900070074946, 5834772.511211013421416 ], [ 396609.11361449881224, 5834766.122748741880059 ], [ 396600.590603899210691, 5834754.386261670850217 ], [ 396588.578702277038246, 5834743.216235653497279 ], [ 396576.025104455649853, 5834729.856728210113943 ], [ 396535.114478160685394, 5834697.639464830048382 ], [ 396519.771500780363567, 5834674.334003107622266 ], [ 396498.175025171192829, 5834642.948462351225317 ], [ 396493.010634479986038, 5834639.547212081961334 ], [ 396476.492274094140157, 5834633.26266085729003 ], [ 396450.379114268929698, 5834621.961458892561495 ], [ 396433.207838397007436, 5834623.388677823357284 ], [ 396416.341275216662325, 5834630.309607023373246 ], [ 396409.517666661413386, 5834629.039799867197871 ], [ 396402.531220907345414, 5834624.473385405726731 ], [ 396397.643827456107829, 5834619.866959122009575 ], [ 396385.696880263858475, 5834622.594470579177141 ], [ 396374.05828723765444, 5834620.516524116508663 ], [ 396364.993749094428495, 5834617.089625122025609 ], [ 396341.372002024960238, 5834615.840046141296625 ], [ 396334.298071040655486, 5834617.174782983958721 ], [ 396319.443940101249609, 5834624.757291636429727 ], [ 396302.027016181207728, 5834623.78940290492028 ], [ 396292.449363173043821, 5834619.672345360741019 ], [ 396282.749756703851745, 5834609.15817066654563 ], [ 396268.16673588991398, 5834604.736558582633734 ], [ 396254.684086649096571, 5834595.094424577429891 ], [ 396209.545009602268692, 5834571.856952143833041 ], [ 396195.169349664880428, 5834557.33226474467665 ], [ 396180.022632784501184, 5834544.322143480181694 ], [ 396161.355495745490771, 5834524.97968284599483 ], [ 396141.359660343208816, 5834519.861313069239259 ], [ 396136.297126238234341, 5834516.558108432218432 ], [ 396129.63046552950982, 5834507.785958898253739 ], [ 396126.489941290172283, 5834505.646013303659856 ], [ 396122.880130252277013, 5834505.114873959682882 ], [ 396120.081391738727689, 5834505.16822218708694 ], [ 396116.075571841560304, 5834504.844613990746439 ], [ 396110.021110002126079, 5834501.960281895473599 ], [ 396108.891117614810355, 5834500.381960265338421 ], [ 396108.837763736955822, 5834497.583220512606204 ], [ 396109.536412115267012, 5834492.27036365121603 ], [ 396108.2026988734724, 5834490.49594259262085 ], [ 396104.042700814490672, 5834492.575064648874104 ], [ 396100.55952145147603, 5834493.441389784216881 ], [ 396098.05493115214631, 5834493.18915709014982 ], [ 396095.044849584111944, 5834492.646585864946246 ], [ 396092.03095700754784, 5834491.904104647226632 ], [ 396082.128663693321869, 5834486.493343345820904 ], [ 396074.879422289435752, 5834478.632219046354294 ], [ 396063.299724223208614, 5834469.153786804527044 ], [ 396026.194972868543118, 5834437.263883301988244 ], [ 396005.569453491771128, 5834404.359919571317732 ], [ 395999.768959420558531, 5834388.571862120181322 ], [ 395991.094378367823083, 5834363.639384839683771 ], [ 395989.724461380043067, 5834359.965817610733211 ], [ 395980.283669067372102, 5834342.04733794555068 ], [ 395977.08979150041705, 5834337.108649945817888 ], [ 395975.444780693680514, 5834334.740213566459715 ], [ 395966.337280961917713, 5834323.814773921854794 ], [ 395960.250425149162766, 5834319.231203077360988 ], [ 395940.102307956665754, 5834316.615508258342743 ], [ 395904.131683428830002, 5834307.501995424740016 ], [ 395869.964928407571279, 5834293.35452920012176 ], [ 395843.913581999833696, 5834280.052286469377577 ], [ 395820.381036212609615, 5834262.502393597736955 ], [ 395811.28496718237875, 5834252.176679151132703 ], [ 395796.899775407917332, 5834237.1521937539801 ], [ 395575.91589785652468, 5834278.961130239069462 ], [ 395563.645158781670034, 5834275.195365824736655 ], [ 395280.965956341126002, 5834316.980420883744955 ], [ 395282.156381952459924, 5834347.955092529766262 ], [ 395284.227142642135732, 5834425.10905290953815 ], [ 395280.945771657279693, 5834426.071523634716868 ], [ 395276.572515794367064, 5834427.454773128032684 ], [ 395273.351084660738707, 5834426.316279974766076 ], [ 395271.640413919347338, 5834425.748938669450581 ], [ 395256.338615642103832, 5834420.341095930896699 ], [ 395250.690879578469321, 5834433.547635594382882 ], [ 395235.277858371613547, 5834438.04107163939625 ], [ 395223.055780348193366, 5834442.073718214407563 ], [ 395208.844125820090994, 5834446.644246595911682 ], [ 395187.499448208720423, 5834449.450901790522039 ], [ 395136.732773370691575, 5834456.218093052506447 ], [ 395098.331955790170468, 5834461.249702023342252 ], [ 395077.487048299051821, 5834464.046832083724439 ], [ 395057.73783613689011, 5834466.623093786649406 ], [ 395035.080393936485052, 5834468.754832942038774 ], [ 395015.521562609181274, 5834470.82750835083425 ], [ 395000.245561431453098, 5834472.018614625558257 ], [ 394988.750709209940396, 5834472.237722871825099 ], [ 394973.430880439002067, 5834471.129858789034188 ], [ 394944.97586177685298, 5834462.872994106262922 ], [ 394940.255099019035697, 5834461.763079665601254 ], [ 394923.784312048286665, 5834457.97738153859973 ], [ 394910.687231731193606, 5834452.827485165558755 ], [ 394902.157605096756015, 5834445.990661377087235 ], [ 394878.523300377768464, 5834438.841803391464055 ], [ 394866.737070204108022, 5834434.266868866980076 ], [ 394829.619198066357058, 5834422.675419540144503 ], [ 394815.255089583166409, 5834419.249529326334596 ], [ 394797.807610594085418, 5834416.682344696484506 ], [ 394689.436138466058765, 5834422.947693733498454 ], [ 394681.441286654910073, 5834402.20183693151921 ], [ 394660.873356386320665, 5834403.793787182308733 ], [ 394652.077826893422753, 5834377.763634324073792 ], [ 394573.203373889904469, 5834368.26799573097378 ], [ 394576.751849774387665, 5834402.297508618794382 ], [ 394569.769349635753315, 5834408.430102688260376 ], [ 394520.437840699683875, 5834396.071533613838255 ], [ 394483.281668319366872, 5834188.397146084345877 ], [ 394441.099804338475224, 5833953.120824414305389 ], [ 394415.388404766563326, 5833952.410990744829178 ], [ 394392.710837606689893, 5833948.243614023551345 ], [ 394375.189031591871753, 5833941.778149591758847 ], [ 394304.871557756618131, 5833924.819936890155077 ], [ 394259.044183239515405, 5833912.694493851624429 ], [ 394244.889494703151286, 5833909.764549962244928 ], [ 394232.25319107476389, 5833907.805582382716238 ], [ 394229.444911835424136, 5833907.35915008187294 ], [ 394221.012452479219064, 5833905.620031531900167 ], [ 394216.493498329014983, 5833904.606254629790783 ], [ 394206.154263689822983, 5833902.503512525931001 ], [ 394185.960327822365798, 5833897.488858907483518 ], [ 394162.954300472105388, 5833891.827861548401415 ], [ 394139.249459447106346, 5833880.980612657032907 ], [ 394132.889387735747732, 5833877.802108939737082 ], [ 394103.223418847774155, 5833868.968321348540485 ], [ 394078.996961980592459, 5833862.230673628859222 ], [ 394059.57979923253879, 5833856.001310271210968 ], [ 394047.606976065260824, 5833852.12985088955611 ], [ 394039.975756993342657, 5833829.477181032299995 ], [ 394037.733789365272969, 5833822.020530904643238 ], [ 394033.840937413449865, 5833801.396434031426907 ], [ 394027.083948151150253, 5833735.430666822940111 ], [ 394014.514307140372694, 5833668.775750829838216 ], [ 394010.900370072049554, 5833647.046426302753389 ], [ 394010.192033662286121, 5833641.360396264120936 ], [ 394006.546586567594204, 5833612.732240024954081 ], [ 394008.341974966868293, 5833612.49803723488003 ], [ 393998.879473712062463, 5833540.984290434978902 ], [ 394004.867578312172554, 5833493.174088350497186 ], [ 394028.485004812653642, 5833305.339397696778178 ], [ 394038.485298393643461, 5833231.95483651664108 ], [ 394049.281301616108976, 5833147.8559958236292 ], [ 393943.912141405045986, 5833086.069421450607479 ], [ 393771.739290463039652, 5833097.250110832042992 ], [ 393599.566362521494739, 5833108.430808028206229 ], [ 393572.79030349443201, 5833083.343201563693583 ], [ 393566.173160572419874, 5833077.169826297089458 ], [ 393529.418550659902394, 5833042.673171004280448 ], [ 393374.870020318892784, 5832897.830569383688271 ], [ 393372.93643945857184, 5832885.56841559894383 ], [ 393346.219069232640322, 5832910.775594465434551 ], [ 393317.731073797796853, 5832937.516399580985308 ], [ 393250.838642719434574, 5833000.586249988526106 ], [ 393196.613779040111694, 5833051.515655227005482 ], [ 393136.47158862662036, 5833106.757509173825383 ], [ 393028.890833592333365, 5833196.500790784135461 ], [ 392885.206371497188229, 5833312.130193072371185 ], [ 392874.852001720806584, 5833319.726944229565561 ], [ 392854.513623979582917, 5833338.613093450665474 ], [ 392838.061209291976411, 5833362.02481487672776 ], [ 392818.201794967346359, 5833390.301089143380523 ], [ 392797.92160008783685, 5833417.48547322396189 ], [ 392757.999053285457194, 5833473.841932551935315 ], [ 392715.153021388163324, 5833528.954224682413042 ], [ 392703.921032560174353, 5833542.967201448045671 ], [ 392710.422119430906605, 5833553.542444142512977 ], [ 392738.547525874746498, 5833602.202476386912167 ], [ 392739.032074972172268, 5833669.587877442128956 ], [ 392717.810223688720725, 5833684.091236404143274 ], [ 392664.340439796913415, 5833680.210740841925144 ], [ 392662.085278125014156, 5833682.553540762513876 ], [ 392576.339022490079515, 5833795.179040166549385 ], [ 392364.050825630838517, 5833737.230112507008016 ], [ 392329.675359105167445, 5833727.886087340302765 ], [ 392315.299728723883163, 5833723.86042124312371 ], [ 392287.559458087431267, 5833716.389771920628846 ], [ 392276.199653090210631, 5833713.206553623080254 ], [ 392274.255789357470348, 5833716.143375240266323 ], [ 392268.42610357812373, 5833725.053796059451997 ], [ 392250.754283212358132, 5833752.688472649082541 ], [ 392228.702578518423252, 5833786.606144797988236 ], [ 392210.832753754337318, 5833814.344592256471515 ], [ 392201.895936353888828, 5833828.113860947079957 ], [ 392191.503603474644478, 5833844.210691985674202 ], [ 392165.237323789973743, 5833861.610003130510449 ], [ 392068.565562940493692, 5833925.647710222750902 ], [ 392011.45025863382034, 5833961.333638519048691 ], [ 391968.159368652442936, 5833998.355953271500766 ], [ 391869.541256467578933, 5834091.428561329841614 ], [ 391864.727249282237608, 5834095.919977053068578 ], [ 391823.863882097182795, 5834134.395929623395205 ], [ 391821.014697962324135, 5834137.050035119988024 ], [ 391815.908444272819906, 5834141.946991162374616 ], [ 391803.53120152617339, 5834153.582025264389813 ], [ 391786.045799466432072, 5834170.014060725457966 ], [ 391776.813798044982832, 5834178.789362717419863 ], [ 391734.802403814101126, 5834219.987003249116242 ], [ 391707.613801269850228, 5834246.703213736414909 ], [ 391679.114336111757439, 5834272.844459934160113 ], [ 391614.548357098887209, 5834332.07067321613431 ], [ 391617.115155063278507, 5834351.320259062573314 ], [ 391608.428499706962612, 5834351.985797465778887 ], [ 391607.730712331249379, 5834352.099090330302715 ], [ 391605.833451430255082, 5834352.235246445052326 ], [ 391593.882376350753475, 5834344.263678686693311 ], [ 391579.227804701717105, 5834341.343256784603 ], [ 391571.543484999798238, 5834336.890082245692611 ], [ 391556.487016534840222, 5834323.378136555664241 ], [ 391553.034118011826649, 5834315.344575801864266 ], [ 391541.483736529422458, 5834302.165768685750663 ], [ 391539.193072283756919, 5834286.910608262754977 ], [ 391510.133921402099077, 5834257.466809246689081 ], [ 391497.948797898890916, 5834258.199029793031514 ], [ 391488.879464378172997, 5834259.771791554987431 ], [ 391470.766438678605482, 5834259.017126031219959 ], [ 391450.786638244055212, 5834259.997912273742259 ], [ 391432.704098574817181, 5834260.842542810365558 ], [ 391429.707318822678644, 5834260.999656362459064 ], [ 391411.12793770810822, 5834267.253343157470226 ], [ 391386.374138204322662, 5834274.824628432281315 ], [ 391382.828034256352112, 5834272.392411882989109 ], [ 391382.488150290912017, 5834270.299051254987717 ], [ 391380.468772228516173, 5834253.538829353637993 ], [ 391370.857406178605743, 5834231.923699725419283 ], [ 391356.541349034756422, 5834204.79867288004607 ], [ 391344.307386412576307, 5834187.233223528601229 ], [ 391340.566052555746865, 5834179.805109904147685 ], [ 391335.90208516450366, 5834160.695477357134223 ], [ 391338.520872846478596, 5834156.44588293787092 ], [ 391340.557072572177276, 5834153.107324192300439 ], [ 391341.239616754639428, 5834152.194383339956403 ], [ 391340.752140422700904, 5834147.604026949964464 ], [ 391340.121915743220598, 5834146.016161856241524 ], [ 391339.491691070434172, 5834144.42829676065594 ], [ 391336.872741682454944, 5834138.17869758233428 ], [ 391332.792558615445159, 5834133.956797292456031 ], [ 391327.486224609310739, 5834128.358375169336796 ], [ 391325.569907562457956, 5834127.494970118626952 ], [ 391315.680831728735939, 5834122.783836299553514 ], [ 391308.165061500330921, 5834121.927167585119605 ], [ 391303.453781407966744, 5834121.317020748741925 ], [ 391301.249028386955615, 5834121.059067513793707 ], [ 391291.630205536668655, 5834109.543301758356392 ], [ 391288.999823542078957, 5834102.693965489044785 ], [ 391287.34717129683122, 5834099.925679844804108 ], [ 391286.572132038476411, 5834090.741155435331166 ], [ 391289.836388938419987, 5834088.879074626602232 ], [ 391290.430409860506188, 5834088.567775219678879 ], [ 391293.287220065947622, 5834086.313491143286228 ], [ 391294.569501754129305, 5834085.389119016006589 ], [ 391296.992188941629138, 5834081.343247142620385 ], [ 391294.916846589534543, 5834077.383109854534268 ], [ 391294.505589024280198, 5834076.790994471870363 ], [ 391292.456923014426138, 5834074.230241688899696 ], [ 391290.098861109814607, 5834071.175424321554601 ], [ 391286.865964124968741, 5834069.43718233704567 ], [ 391284.140469997597393, 5834068.089238442480564 ], [ 391281.113201756612398, 5834066.647054117172956 ], [ 391276.773164514568634, 5834064.529945198446512 ], [ 391271.703819450631272, 5834055.627256514504552 ], [ 391273.662929450976662, 5834053.490075456909835 ], [ 391276.212249530362897, 5834050.841682964935899 ], [ 391287.974531313870102, 5834038.418421292677522 ], [ 391283.884821430547163, 5834033.696739460341632 ], [ 391278.470909986295737, 5834027.700396608561277 ], [ 391272.083239184517879, 5834028.322109710425138 ], [ 391265.299554267898202, 5834029.151355728507042 ], [ 391264.116355345176999, 5834035.273442129604518 ], [ 391265.804337603854947, 5834045.140512559562922 ], [ 391263.934624170535244, 5834041.476432563737035 ], [ 391259.774412607424892, 5834033.056376789696515 ], [ 391256.57097039220389, 5834027.617855471558869 ], [ 391267.399508223053999, 5834023.911726960912347 ], [ 391270.373424122517463, 5834022.555142370052636 ], [ 391272.00980036589317, 5834019.224204516969621 ], [ 391267.176571895426605, 5834012.216869701631367 ], [ 391262.529044325230643, 5834009.705651609227061 ], [ 391243.230744672648143, 5834004.473910718224943 ], [ 391241.793248771049548, 5834002.501462453976274 ], [ 391232.883648186281789, 5833991.472136623226106 ], [ 391231.945933452108875, 5833989.490162310190499 ], [ 391234.494222580455244, 5833981.542193969711661 ], [ 391235.614543187315576, 5833972.12155759241432 ], [ 391234.169425686472096, 5833969.749284985475242 ], [ 391231.937996335385833, 5833968.091946242377162 ], [ 391229.523803360760212, 5833967.338022338226438 ], [ 391223.059040513529908, 5833969.161112512461841 ], [ 391217.245461551821791, 5833973.671585112810135 ], [ 391212.960681426920928, 5833974.453200673684478 ], [ 391208.69582947291201, 5833971.034756621345878 ], [ 391200.715447803027928, 5833966.787199942395091 ], [ 391201.496917484037112, 5833960.572777561843395 ], [ 391205.498820733570028, 5833950.197285668924451 ], [ 391223.729681557626463, 5833936.150847021490335 ], [ 391227.042449592729099, 5833931.588048413395882 ], [ 391228.167613046534825, 5833927.666900144889951 ], [ 391226.918597383482847, 5833925.090904894284904 ], [ 391224.58721191866789, 5833923.435471083037555 ], [ 391216.952429744706023, 5833921.581143548712134 ], [ 391214.27266554813832, 5833922.632143932394683 ], [ 391211.623388021718711, 5833925.282441252842546 ], [ 391210.615329507214483, 5833930.101288995705545 ], [ 391207.138851830677595, 5833936.56706322543323 ], [ 391203.300500933488365, 5833934.540382886305451 ], [ 391202.853040477726609, 5833932.04910212662071 ], [ 391206.975860228063539, 5833922.771221976727247 ], [ 391206.709258151473477, 5833919.276570281945169 ], [ 391204.314993851003237, 5833914.322586419060826 ], [ 391202.879403607628774, 5833912.450093766674399 ], [ 391198.637416981975548, 5833910.23112179338932 ], [ 391194.70863694336731, 5833908.706126676872373 ], [ 391193.749962929403409, 5833905.62463534809649 ], [ 391196.715227512351703, 5833898.568650666624308 ], [ 391198.261175838881172, 5833895.739398196339607 ], [ 391201.592123769572936, 5833897.375780508853495 ], [ 391207.637133417010773, 5833899.760371579788625 ], [ 391211.546859164489433, 5833900.285806154832244 ], [ 391216.020119456632528, 5833898.90064459759742 ], [ 391217.664118528424297, 5833895.969531016424298 ], [ 391217.484135038161185, 5833891.773281819187105 ], [ 391216.506407110369764, 5833887.692230046726763 ], [ 391214.644316355988849, 5833884.427973246201873 ], [ 391210.131042414694093, 5833883.7140574445948 ], [ 391209.025807572121266, 5833883.435146144591272 ], [ 391205.183646113087889, 5833881.208553249947727 ], [ 391193.459154482872691, 5833874.632540741935372 ], [ 391191.942662185116205, 5833873.761513710021973 ], [ 391187.096097101224586, 5833866.054483691230416 ], [ 391188.968590072239749, 5833864.618900649249554 ], [ 391203.884934931993484, 5833865.534503620117903 ], [ 391207.673744998581242, 5833864.962327010929585 ], [ 391213.248429472034331, 5833863.656165017746389 ], [ 391218.24814670055639, 5833863.660862785764039 ], [ 391221.908419336832594, 5833861.591250536032021 ], [ 391224.064507545379456, 5833854.050727599300444 ], [ 391223.38855409034295, 5833850.063916372135282 ], [ 391217.7528968990664, 5833848.171484360471368 ], [ 391210.946345779346302, 5833847.80125511996448 ], [ 391206.167500332463533, 5833848.892263505607843 ], [ 391202.384406428318471, 5833849.764308165758848 ], [ 391194.741127088374924, 5833852.709775431081653 ], [ 391187.12920938845491, 5833852.054919353686273 ], [ 391186.427610275859479, 5833851.968299436382949 ], [ 391172.215644671290647, 5833846.0396513575688 ], [ 391170.163168498082086, 5833843.278984729200602 ], [ 391177.698870562133379, 5833839.935598363168538 ], [ 391182.845149605127517, 5833837.137716270983219 ], [ 391190.530348046333529, 5833836.391282566823065 ], [ 391199.822467784630135, 5833836.014190569519997 ], [ 391203.824528201133944, 5833836.137896295636892 ], [ 391208.12455189449247, 5833836.155930479057133 ], [ 391212.268487214110792, 5833838.476764313876629 ], [ 391215.952654692460783, 5833842.906201103702188 ], [ 391220.181302997109015, 5833844.42548122536391 ], [ 391223.276135486899875, 5833844.166509104892612 ], [ 391224.80581102008, 5833835.238032460212708 ], [ 391220.001165758701973, 5833829.7300358209759 ], [ 391218.708326543972362, 5833824.855050957761705 ], [ 391220.251340241695289, 5833816.626266676932573 ], [ 391221.200332849519327, 5833808.708781545981765 ], [ 391219.778956788708456, 5833802.336360944435 ], [ 391217.615092581778299, 5833798.977863213047385 ], [ 391216.896345034125261, 5833797.991638706065714 ], [ 391209.991743071528617, 5833797.723269931972027 ], [ 391201.125247983669396, 5833804.691745679825544 ], [ 391199.283241129247472, 5833807.72662541270256 ], [ 391200.579891011817381, 5833812.801522649824619 ], [ 391203.039813359209802, 5833815.954392853192985 ], [ 391203.658604732016101, 5833816.942522516474128 ], [ 391204.174658731441014, 5833823.032221536152065 ], [ 391201.710049832938239, 5833824.879059542901814 ], [ 391200.973123991687316, 5833817.693654145114124 ], [ 391196.125684168888256, 5833815.186244030483067 ], [ 391191.73523105744971, 5833815.669895119033754 ], [ 391174.176353151968215, 5833823.004032278433442 ], [ 391169.773591748205945, 5833828.087567703798413 ], [ 391158.292990492249373, 5833834.305930238217115 ], [ 391156.286243853159249, 5833833.94420915003866 ], [ 391157.366554545063991, 5833822.424494056031108 ], [ 391158.543011004629079, 5833810.702961719594896 ], [ 391155.599272769875824, 5833792.660447022877634 ], [ 391152.264514019945636, 5833790.824151643551886 ], [ 391148.779382822453044, 5833791.590524403378367 ], [ 391143.079094806860667, 5833796.798782848753035 ], [ 391142.426006372785196, 5833794.011443707160652 ], [ 391145.178899105754681, 5833781.059955818578601 ], [ 391138.945256008242723, 5833768.779711526818573 ], [ 391135.159226842341013, 5833764.252222465351224 ], [ 391130.509793587320019, 5833761.641045060940087 ], [ 391125.002519910922274, 5833750.74684920348227 ], [ 391117.872205019579269, 5833743.883283602073789 ], [ 391113.608230405661743, 5833735.265215414576232 ], [ 391111.246358913253061, 5833732.01048294454813 ], [ 391111.436744572361931, 5833731.50689226668328 ], [ 391119.508432144415565, 5833730.053147119469941 ], [ 391123.993126359942835, 5833729.267723409458995 ], [ 391125.448646694538184, 5833726.940156580880284 ], [ 391127.66189892712282, 5833722.398314993828535 ], [ 391126.521338801947422, 5833715.02061665058136 ], [ 391120.092623703298159, 5833708.243670666590333 ], [ 391117.876437570201233, 5833707.385978868231177 ], [ 391106.219661856244784, 5833709.608000962994993 ], [ 391093.645254038099665, 5833716.147186120040715 ], [ 391086.855849055049475, 5833716.676559583283961 ], [ 391075.36937598651275, 5833712.095852661877871 ], [ 391078.288038693543058, 5833707.840542988851666 ], [ 391086.594813344767317, 5833702.982575844042003 ], [ 391094.507478888961487, 5833698.43209764547646 ], [ 391103.449164731078781, 5833690.16228814329952 ], [ 391104.94176459038863, 5833684.534265507012606 ], [ 391104.400065245223232, 5833682.344757336191833 ], [ 391102.157203979208134, 5833680.087680230848491 ], [ 391096.811887621879578, 5833677.689749830402434 ], [ 391092.862148274958599, 5833675.065235453657806 ], [ 391089.64258859551046, 5833674.026682522147894 ], [ 391087.237921968568116, 5833673.77253726683557 ], [ 391084.671450021443889, 5833675.521323981694877 ], [ 391082.544815782282967, 5833679.361568036489189 ], [ 391080.489557380962651, 5833681.700565689243376 ], [ 391078.77124707220355, 5833680.733391968533397 ], [ 391080.232333479041699, 5833668.206493909470737 ], [ 391080.74442456086399, 5833663.597083157859743 ], [ 391083.599333252815995, 5833661.242844605818391 ], [ 391085.737399797362741, 5833658.002337160520256 ], [ 391084.455994126503356, 5833653.727086899802089 ], [ 391081.907547988812439, 5833651.175856651738286 ], [ 391089.707948032941204, 5833651.227169467136264 ], [ 391093.189269344788045, 5833650.260885505005717 ], [ 391095.517721682263073, 5833646.516787515021861 ], [ 391095.464371735579334, 5833643.718017162755132 ], [ 391094.836053787264973, 5833642.230106608010828 ], [ 391091.188088795985095, 5833639.699832648970187 ], [ 391081.676999986404553, 5833639.08117011655122 ], [ 391078.053804476978257, 5833637.850325197912753 ], [ 391075.213110969518311, 5833635.70463453233242 ], [ 391072.993991941446438, 5833629.447408373467624 ], [ 391069.079426965035964, 5833623.422481268644333 ], [ 391066.537575048278086, 5833615.971497219055891 ], [ 391067.945462509524077, 5833611.145028202794492 ], [ 391069.987383935309481, 5833608.106338170357049 ], [ 391075.544044961396139, 5833611.100195826031268 ], [ 391081.491004281386267, 5833613.586652530357242 ], [ 391085.696789201698266, 5833613.906462176702917 ], [ 391087.773006771982182, 5833612.666981793008745 ], [ 391089.339916231867392, 5833610.937246551737189 ], [ 391090.088122041313909, 5833608.223191357217729 ], [ 391089.004724072525278, 5833603.844174693338573 ], [ 391082.76830116729252, 5833596.663592027500272 ], [ 391078.326402134262025, 5833594.448426764458418 ], [ 391075.057303577952553, 5833590.811014926061034 ], [ 391069.795822382089682, 5833592.811151300556958 ], [ 391050.430100333353039, 5833599.779749471694231 ], [ 391055.337633748538792, 5833610.68537958804518 ], [ 391040.242329502070788, 5833610.873095305636525 ], [ 391039.709130053350236, 5833603.883789005689323 ], [ 391041.140760234906338, 5833595.057170785963535 ], [ 391041.418495078687556, 5833578.153159896843135 ], [ 391061.146962995699141, 5833574.477398229762912 ], [ 391065.922000376740471, 5833573.186480174772441 ], [ 391062.42528798681451, 5833562.853915045037866 ], [ 391056.167906598944683, 5833554.573814386501908 ], [ 391056.122178566933144, 5833552.174868149682879 ], [ 391060.691587520122994, 5833550.587892235256732 ], [ 391066.454755780985579, 5833548.678186902776361 ], [ 391068.527162984246388, 5833547.238794581033289 ], [ 391070.57099018979352, 5833544.300060923211277 ], [ 391071.328723110666033, 5833542.085786171257496 ], [ 391069.755071001301985, 5833538.21607509907335 ], [ 391069.386610261688475, 5833534.623371132649481 ], [ 391073.094519219768699, 5833535.052663074806333 ], [ 391077.44408307899721, 5833537.669558390043676 ], [ 391080.855933794053271, 5833538.304477759636939 ], [ 391085.557689397945069, 5833538.414850445464253 ], [ 391088.804802523402032, 5833535.653167967684567 ], [ 391089.24932932574302, 5833532.744915999472141 ], [ 391087.258704324660357, 5833527.983220641501248 ], [ 391082.346483447065111, 5833522.077299867756665 ], [ 391077.779859244939871, 5833518.564609817229211 ], [ 391075.23038786649704, 5833510.713800965808332 ], [ 391072.231553105288185, 5833500.271754037588835 ], [ 391069.781158713100012, 5833497.618661693297327 ], [ 391064.898543567745946, 5833498.51165967527777 ], [ 391058.173918678308837, 5833502.439537119120359 ], [ 391054.754446508712135, 5833501.404793076217175 ], [ 391055.891046266886406, 5833498.083380940370262 ], [ 391060.733649778878316, 5833495.09130500536412 ], [ 391067.931381610396784, 5833489.754516990855336 ], [ 391073.335616319789551, 5833484.751888921484351 ], [ 391081.331972738727927, 5833474.100282802246511 ], [ 391089.917515022389125, 5833457.63788849581033 ], [ 391091.044588458549697, 5833453.816696292720735 ], [ 391090.614278379594907, 5833452.225019224919379 ], [ 391088.569425428577233, 5833449.86417468264699 ], [ 391084.896692417212762, 5833446.034470020793378 ], [ 391085.766694162099157, 5833439.218405334278941 ], [ 391094.801745294185821, 5833435.84644887689501 ], [ 391100.509659684961662, 5833431.038018676452339 ], [ 391092.012351555633359, 5833425.900372188538313 ], [ 391083.999582237564027, 5833419.953551458194852 ], [ 391075.345158499432728, 5833411.819126954302192 ], [ 391069.014498071046546, 5833404.940314805135131 ], [ 391063.56820178439375, 5833397.244708141312003 ], [ 391056.824379158031661, 5833389.673823208548129 ], [ 391050.904975662298966, 5833383.387126797810197 ], [ 391050.119543374748901, 5833378.902437944896519 ], [ 391049.33982701075729, 5833374.717617362737656 ], [ 391045.908923274604604, 5833373.083135770633817 ], [ 391035.932347371883225, 5833374.273202729411423 ], [ 391033.218285189883318, 5833373.524990557692945 ], [ 391031.794128303066827, 5833372.252232106402516 ], [ 391032.440474130329676, 5833369.44012591149658 ], [ 391034.074951125949156, 5833366.009232546202838 ], [ 391038.26446997851599, 5833360.229817464947701 ], [ 391040.675733856158331, 5833355.584210556931794 ], [ 391046.910105449904222, 5833352.165640865452588 ], [ 391049.757394974411, 5833349.411579684354365 ], [ 391052.204859354475047, 5833346.665138754993677 ], [ 391053.051117885741405, 5833343.849222612567246 ], [ 391049.947638573125005, 5833338.408788960427046 ], [ 391041.811168296611868, 5833336.4640201497823 ], [ 391030.441801410168409, 5833332.781003114767373 ], [ 391029.179451534640975, 5833329.50531242415309 ], [ 391030.291284008766524, 5833324.884471229277551 ], [ 391038.317248115839902, 5833321.031786603853106 ], [ 391040.689525116235018, 5833319.586680074222386 ], [ 391034.240879976656288, 5833317.009788481518626 ], [ 391026.080664384411648, 5833319.065168302506208 ], [ 391022.153789720730856, 5833317.640123652294278 ], [ 391018.563865946722217, 5833312.908907406032085 ], [ 391020.611505584907718, 5833310.170086670666933 ], [ 391030.235888923460152, 5833311.486543745733798 ], [ 391038.753131711913738, 5833312.424131880514324 ], [ 391044.47540881234454, 5833313.614973488263786 ], [ 391044.130695028463379, 5833306.022120213136077 ], [ 391034.635587981319986, 5833290.504276826046407 ], [ 391026.511431256774813, 5833283.959621419198811 ], [ 391023.585001773550175, 5833277.315903746522963 ], [ 391023.585883962397929, 5833272.11628142837435 ], [ 391017.940559041919187, 5833259.224860103800893 ], [ 391011.422301439451985, 5833247.749969217926264 ], [ 391005.302986601891462, 5833241.467080412432551 ], [ 390992.315265859011561, 5833236.814980132505298 ], [ 390991.379459140996914, 5833234.93295933585614 ], [ 390992.237150098604616, 5833232.71677967812866 ], [ 391004.62778117088601, 5833221.781442648731172 ], [ 391008.99816230830038, 5833214.998657398857176 ], [ 391008.864794322522357, 5833208.001730042509735 ], [ 391007.927082515030634, 5833206.019753156229854 ], [ 391005.182536302949302, 5833203.672242247499526 ], [ 391001.676444776414428, 5833203.339093628339469 ], [ 390995.782833499484695, 5833203.651402202434838 ], [ 390987.939632701221853, 5833206.600670096464455 ], [ 390982.805661282560322, 5833204.798660203814507 ], [ 390982.561927796399686, 5833202.503479700535536 ], [ 390995.218134328431915, 5833189.763218245469034 ], [ 390998.276769406103995, 5833187.605084366165102 ], [ 391000.610942100698594, 5833184.160856258124113 ], [ 391000.853653490543365, 5833181.156457995995879 ], [ 390999.800743484753184, 5833178.376737171784043 ], [ 390996.069971074408386, 5833176.747968987561762 ], [ 390991.158775478892494, 5833176.141622070223093 ], [ 390984.04473060235614, 5833175.377273285761476 ], [ 390962.477030942623969, 5833176.988230349496007 ], [ 390960.255129092605785, 5833175.830667340196669 ], [ 390951.099020023655612, 5833167.605804989114404 ], [ 390941.741092998534441, 5833159.28479621373117 ], [ 390938.392998134368099, 5833156.748802524060011 ], [ 390939.220205695950426, 5833152.933324827812612 ], [ 390940.172137773188297, 5833150.415371699258685 ], [ 390940.970766749465838, 5833145.100552226416767 ], [ 390941.115427361393813, 5833142.198014723137021 ], [ 390940.149137052008882, 5833138.716695598326623 ], [ 390938.679254695656709, 5833135.044989258982241 ], [ 390935.627218416426331, 5833132.303368111141026 ], [ 390932.580897845851723, 5833129.861615290865302 ], [ 390928.853935405786615, 5833128.432758714072406 ], [ 390922.249197208439, 5833128.158664675429463 ], [ 390913.587291332776658, 5833130.12361054494977 ], [ 390902.858691467961762, 5833133.827815838158131 ], [ 390895.430555472848937, 5833137.569112133234739 ], [ 390891.436112740251701, 5833137.845224753022194 ], [ 390888.504990030778572, 5833136.201215780340135 ], [ 390885.456763808324467, 5833133.659506600350142 ], [ 390882.702690852223895, 5833130.812213968485594 ], [ 390878.351221786171664, 5833128.095357544720173 ], [ 390872.28334782354068, 5833124.511280960403383 ], [ 390868.652530651655979, 5833122.880606873892248 ], [ 390860.872062143986113, 5833118.629222270101309 ], [ 390857.401147588388994, 5833114.895659175701439 ], [ 390855.959843623335473, 5833112.72329417988658 ], [ 390852.82118709833594, 5833110.683270364999771 ], [ 390849.605437034973875, 5833109.84462520852685 ], [ 390845.697613482247107, 5833109.41913962457329 ], [ 390841.018717664468568, 5833110.508236184716225 ], [ 390836.568313024414238, 5833113.092864908277988 ], [ 390831.908469472196884, 5833115.181522967293859 ], [ 390828.508048416115344, 5833115.14633696526289 ], [ 390825.667355454526842, 5833113.000641891732812 ], [ 390824.008991550945211, 5833109.932481432333589 ], [ 390823.155994163593277, 5833107.148949370719492 ], [ 390822.499099022010341, 5833104.161695003509521 ], [ 390819.529871206381358, 5833100.518562631681561 ], [ 390817.294632052769884, 5833098.661305855959654 ], [ 390815.489702025079168, 5833098.395727426744998 ], [ 390812.615735849714838, 5833099.750402375124395 ], [ 390809.98740798200015, 5833103.500214906409383 ], [ 390807.718895606871229, 5833105.143328338861465 ], [ 390805.417994228948373, 5833105.087187236174941 ], [ 390804.861055421060883, 5833102.098027750849724 ], [ 390805.009526815614663, 5833099.395401700399816 ], [ 390808.499357290565968, 5833093.629321166314185 ], [ 390808.998118139395956, 5833088.320215267129242 ], [ 390806.126941466412973, 5833084.575221532024443 ], [ 390802.905475352716167, 5833083.436707654036582 ], [ 390800.318041487946175, 5833084.085974494926631 ], [ 390797.743944218731485, 5833085.43493440374732 ], [ 390794.106526392220985, 5833088.704016201198101 ], [ 390789.020183511311188, 5833089.400908051989973 ], [ 390784.226973065931816, 5833084.492635270580649 ], [ 390779.943070566514507, 5833080.074618180282414 ], [ 390772.531942380941473, 5833074.216313521377742 ], [ 390766.03756845172029, 5833069.240469153039157 ], [ 390763.610037273203488, 5833067.786846634931862 ], [ 390761.901252912241034, 5833067.319450737908483 ], [ 390759.311913510551676, 5833067.868761384859681 ], [ 390752.085592052375432, 5833071.706203941255808 ], [ 390748.713748682988808, 5833073.170360042713583 ], [ 390744.994405467994511, 5833072.141327079385519 ], [ 390742.682072336319834, 5833071.485448823310435 ], [ 390740.156489849439822, 5833070.133687399327755 ], [ 390735.297616680676583, 5833067.026529860682786 ], [ 390727.23632900317898, 5833063.780419706366956 ], [ 390722.694471866125241, 5833061.567152546718717 ], [ 390718.827541403356008, 5833058.041120202280581 ], [ 390719.104547840659507, 5833056.835931199602783 ], [ 390720.556262895057444, 5833054.308452112600207 ], [ 390724.101346209004987, 5833051.441099724732339 ], [ 390726.152799537114333, 5833048.902190737426281 ], [ 390726.327944393735379, 5833047.598950580693781 ], [ 390726.540173308225349, 5833042.995251919142902 ], [ 390725.58912494929973, 5833040.313580296933651 ], [ 390724.559077652287669, 5833038.733331497758627 ], [ 390722.919765993836336, 5833036.664731773547828 ], [ 390719.371757059707306, 5833034.132545948028564 ], [ 390717.253620916220825, 5833033.172988982871175 ], [ 390714.947003319452051, 5833032.816978998482227 ], [ 390711.75411482329946, 5833033.1778070833534 ], [ 390709.670272587682121, 5833034.017461176030338 ], [ 390707.694007604615763, 5833035.255034969188273 ], [ 390705.823414655344095, 5833036.790572306141257 ], [ 390703.095129124005325, 5833040.542290333658457 ], [ 390701.453027264797129, 5833043.573360318318009 ], [ 390699.500645373947918, 5833051.309990420006216 ], [ 390697.543432630132884, 5833053.547126051969826 ], [ 390696.1573798233876, 5833054.273489146493375 ], [ 390691.740246648725588, 5833053.35774702206254 ], [ 390689.71444579603849, 5833051.996460393071175 ], [ 390687.706676727510057, 5833046.335153207182884 ], [ 390684.936340714688413, 5833037.388627073727548 ], [ 390682.864814589149319, 5833033.628392114304006 ], [ 390680.029836539470125, 5833031.782564376480877 ], [ 390676.938809354032855, 5833032.241443672217429 ], [ 390674.756915752892382, 5833033.182958985678852 ], [ 390672.703556835243944, 5833035.621912006288767 ], [ 390670.520778332836926, 5833041.763053664006293 ], [ 390668.99196929181926, 5833045.491912135854363 ], [ 390667.526917429175228, 5833047.319698221981525 ], [ 390665.350739477900788, 5833048.561082164756954 ], [ 390662.834682645043358, 5833047.70910129044205 ], [ 390661.881728861597367, 5833044.927473127841949 ], [ 390661.603701962914784, 5833040.833079669624567 ], [ 390660.801125265832525, 5833035.448780786246061 ], [ 390658.314531685668044, 5833030.89651610609144 ], [ 390653.755526884575374, 5833027.78364263754338 ], [ 390649.936226413818076, 5833026.756514069624245 ], [ 390645.820867150090635, 5833025.935012814588845 ], [ 390641.572277699771803, 5833028.615788014605641 ], [ 390639.130524298059754, 5833031.662098255008459 ], [ 390637.382750043587293, 5833034.395205058157444 ], [ 390635.429347332217731, 5833036.832253290340304 ], [ 390633.129465236677788, 5833042.075694750063121 ], [ 390632.796322425769176, 5833045.581781273707747 ], [ 390634.260489641572349, 5833048.953621785156429 ], [ 390637.906550659332424, 5833051.383946793153882 ], [ 390640.270325494580902, 5833054.738642327487469 ], [ 390640.316050904686563, 5833057.137590786442161 ], [ 390637.355463434942067, 5833059.193864284083247 ], [ 390632.940234772744589, 5833058.378078271634877 ], [ 390628.102317741024308, 5833056.370437949895859 ], [ 390621.874537126743235, 5833054.889248420484364 ], [ 390615.047017973265611, 5833053.419488796032965 ], [ 390610.669893560581841, 5833054.602826533839107 ], [ 390608.014890746795572, 5833056.953253748826683 ], [ 390606.508944319852162, 5833061.881587091833353 ], [ 390604.1548314379761, 5833069.525882651098073 ], [ 390602.347110683040228, 5833074.3599748685956 ], [ 390599.605488125467673, 5833077.41200059838593 ], [ 390596.699131303525064, 5833077.067420719191432 ], [ 390593.656618666718714, 5833074.825578113086522 ], [ 390592.215313840657473, 5833072.653211739845574 ], [ 390588.375939634686802, 5833065.326937993988395 ], [ 390585.289606756297871, 5833060.786102717742324 ], [ 390578.346752833924256, 5833048.019387536682189 ], [ 390573.910566023085266, 5833046.104083104990423 ], [ 390570.5967624502955, 5833045.367298163473606 ], [ 390566.628989289398305, 5833047.042796985246241 ], [ 390564.358570007840171, 5833048.585954796522856 ], [ 390562.107202968909405, 5833051.12867465056479 ], [ 390559.359864279977046, 5833053.880831899121404 ], [ 390555.797632402740419, 5833055.848579478450119 ], [ 390549.142467056401074, 5833058.175250479020178 ], [ 390542.856643670122139, 5833058.895002258941531 ], [ 390536.742154626233969, 5833058.111600944772363 ], [ 390532.573447705595754, 5833054.491325898095965 ], [ 390527.294809235201683, 5833055.591852571815252 ], [ 390524.628374481922947, 5833057.342542948201299 ], [ 390522.296103107044473, 5833060.886730174534023 ], [ 390520.830030109034851, 5833057.414932663552463 ], [ 390520.146461549622472, 5833053.028289289213717 ], [ 390517.912105484807398, 5833045.971403025090694 ], [ 390510.956049641710706, 5833043.004204699769616 ], [ 390502.298964745074045, 5833050.468647543340921 ], [ 390496.649078477057628, 5833053.076137461699545 ], [ 390497.628570077707991, 5833046.757940887473524 ], [ 390503.964679325465113, 5833032.938209994696081 ], [ 390509.232771824637894, 5833026.038318094797432 ], [ 390511.877229246078059, 5833017.888525161892176 ], [ 390512.741523157223128, 5833010.772584141232073 ], [ 390503.70250923949061, 5833003.445411391556263 ], [ 390554.440097367973067, 5832979.380177960731089 ], [ 390559.198614589986391, 5832950.991608546115458 ], [ 390564.413096223957837, 5832920.294522225856781 ], [ 390530.841827423195355, 5832905.935443261638284 ], [ 390477.313429049623664, 5832883.257352273911238 ], [ 390456.701312075951137, 5832872.051040777936578 ], [ 390417.195387132174801, 5832850.605592992156744 ], [ 390407.902228363091126, 5832845.683080091141164 ], [ 390403.971538191835862, 5832844.058116965927184 ], [ 390380.289345107623376, 5832834.410198823548853 ], [ 390374.440429924346972, 5832831.821866993792355 ], [ 390366.695264729263727, 5832834.669271277263761 ], [ 390375.714966287021525, 5832819.998455980792642 ], [ 390371.340630969207268, 5832816.082118638791144 ], [ 390326.968960372498259, 5832775.430826852098107 ], [ 390281.412311840453185, 5832829.995039590634406 ], [ 390276.912233678856865, 5832819.48158797621727 ], [ 390263.330337753577624, 5832804.64154858328402 ], [ 390249.465718805382494, 5832790.706829559057951 ], [ 390247.09241755597759, 5832786.852348439395428 ], [ 390234.703267043107189, 5832766.389991573989391 ], [ 390209.713623597053811, 5832724.869346681982279 ], [ 390210.484570419066586, 5832712.855543753132224 ], [ 390212.033324324409477, 5832704.92661396600306 ], [ 390212.675865467928816, 5832701.914591129869223 ], [ 390204.339338787132874, 5832689.474397757090628 ], [ 390188.294983615924139, 5832697.579584046266973 ], [ 390181.398999719123822, 5832703.01061134878546 ], [ 390172.203887928393669, 5832697.98623170144856 ], [ 390167.868543033022434, 5832690.869385242462158 ], [ 390162.581261525047012, 5832686.270495061762631 ], [ 390158.42969961441122, 5832683.549820301122963 ], [ 390156.607620271970518, 5832682.384633208625019 ], [ 390148.239721440710127, 5832673.544769474305212 ], [ 390147.050657833053265, 5832668.867777619510889 ], [ 390146.510867167555261, 5832666.778219971805811 ], [ 390147.757847404456697, 5832658.755047659389675 ], [ 390152.984164347930346, 5832660.155336906202137 ], [ 390161.768019230221398, 5832664.587599406950176 ], [ 390166.13752951141214, 5832663.004439083859324 ], [ 390173.277118963887915, 5832649.369376845657825 ], [ 390174.442304843279999, 5832647.547304782085121 ], [ 390174.6117357101175, 5832645.944194346666336 ], [ 390173.764455065713264, 5832643.460526345297694 ], [ 390169.558534160489216, 5832632.641486848704517 ], [ 390163.871427145786583, 5832628.05021561589092 ], [ 390163.162205756700132, 5832627.563768460415304 ], [ 390147.049136919958983, 5832621.571305884979665 ], [ 390142.835721304174513, 5832620.851661269553006 ], [ 390137.862661089398898, 5832622.246338068507612 ], [ 390133.872020028356928, 5832622.72235922049731 ], [ 390131.383521880721673, 5832618.07013076543808 ], [ 390134.630649194703437, 5832615.308449081145227 ], [ 390149.160419208870735, 5832606.432187797501683 ], [ 390152.907329122943338, 5832603.660981826484203 ], [ 390154.939736919070128, 5832600.122508756816387 ], [ 390154.142879754421301, 5832595.038072031922638 ], [ 390151.465899714559782, 5832590.989391176961362 ], [ 390147.840792666422203, 5832589.65857916418463 ], [ 390143.727333642193116, 5832588.937029366381466 ], [ 390135.7812338413205, 5832586.488652073778212 ], [ 390124.607057543238625, 5832587.801519201137125 ], [ 390123.060081300558522, 5832585.33118505962193 ], [ 390124.867809727729764, 5832580.497089717537165 ], [ 390127.34094181942055, 5832573.850446794182062 ], [ 390128.38229538424639, 5832565.531215269118547 ], [ 390119.961054945830256, 5832553.89257241692394 ], [ 390115.85420154244639, 5832548.27125854883343 ], [ 390114.237750770407729, 5832547.402129954658449 ], [ 390107.477793326193932, 5832544.231199064292014 ], [ 390102.947361690341495, 5832542.617661573924124 ], [ 390096.056965710944496, 5832537.849334508180618 ], [ 390088.355486550950445, 5832532.496508488431573 ], [ 390080.103800841956399, 5832529.753975624218583 ], [ 390079.198476505931467, 5832529.471250604838133 ], [ 390080.223699305672199, 5832525.552000838331878 ], [ 390084.893971619545482, 5832518.763493966311216 ], [ 390089.131139980105218, 5832515.482982400804758 ], [ 390094.283158142352477, 5832512.984977478161454 ], [ 390107.169932706980035, 5832512.339423337951303 ], [ 390108.050490575435106, 5832511.322716419585049 ], [ 390113.874518827942666, 5832502.112400346435606 ], [ 390114.124855759029742, 5832499.507821848616004 ], [ 390111.838176965597086, 5832494.951739078387618 ], [ 390106.475706423749216, 5832491.654182907193899 ], [ 390104.798292465740815, 5832487.586452329531312 ], [ 390100.701856601983309, 5832477.265286430716515 ], [ 390101.155916988267563, 5832474.856810748577118 ], [ 390103.786038305028342, 5832460.707730541937053 ], [ 390108.014451571798418, 5832441.228583715856075 ], [ 390108.283839771407656, 5832439.62356826197356 ], [ 390119.286438120529056, 5832418.815416035242379 ], [ 390120.63629755564034, 5832416.189884214662015 ], [ 390121.091250458557624, 5832408.581776141189039 ], [ 390125.356875052442774, 5832396.301389046013355 ], [ 390133.248499134730082, 5832380.152183447033167 ], [ 390141.513159436057322, 5832352.096749908290803 ], [ 390151.160304956254549, 5832344.113484491594136 ], [ 390154.636816029611509, 5832337.647707425057888 ], [ 390155.966613274125848, 5832328.723024629987776 ], [ 390153.351490950328298, 5832322.673311498016119 ], [ 390148.141308794962242, 5832316.873036532662809 ], [ 390146.19248473085463, 5832303.811143783852458 ], [ 390144.649320279364474, 5832301.540721392259002 ], [ 390141.872386303613894, 5832297.493943566456437 ], [ 390153.008344292407855, 5832283.682736924849451 ], [ 390154.747494063863996, 5832275.250216437503695 ], [ 390142.567802279954776, 5832255.283813433721662 ], [ 390124.982176695659291, 5832261.218519367277622 ], [ 390115.387359217857011, 5832266.700971079990268 ], [ 390111.470003284397535, 5832265.775696088559926 ], [ 390110.009649981861003, 5832262.603761826641858 ], [ 390109.843016704777256, 5832259.107195968739688 ], [ 390110.717860026517883, 5832257.790620621293783 ], [ 390125.805466814490501, 5832246.703902599401772 ], [ 390130.420380353520159, 5832226.517445267178118 ], [ 390093.224219037627336, 5832231.825930809602141 ], [ 390088.145601655065548, 5832243.42186161968857 ], [ 390082.337701941840351, 5832248.232192440889776 ], [ 390077.964378973003477, 5832249.615436490625143 ], [ 390076.862951773684472, 5832249.536433175206184 ], [ 390075.851955893682316, 5832248.95574348513037 ], [ 390073.052161312487442, 5832243.70948897395283 ], [ 390084.597474499954842, 5832230.390443871729076 ], [ 390089.405808817245997, 5832225.599161424674094 ], [ 390102.127740252297372, 5832211.057783838361502 ], [ 390108.552409065887332, 5832196.636409869417548 ], [ 390108.733936364413239, 5832169.434961065649986 ], [ 390096.347838955407497, 5832164.871348751708865 ], [ 390080.21494252217235, 5832173.578161339275539 ], [ 390073.817722666310146, 5832173.700068650767207 ], [ 390064.805496827990282, 5832178.271483489312232 ], [ 390062.755044906865805, 5832186.109981784597039 ], [ 390047.700829959416296, 5832204.195546466857195 ], [ 390046.803125882637687, 5832204.312646063044667 ], [ 390043.026626343664248, 5832200.284914859570563 ], [ 390031.857150600058958, 5832196.598051934503019 ], [ 390029.556128944852389, 5832186.042682649567723 ], [ 390021.925918594119139, 5832168.689376573078334 ], [ 390018.166449658456258, 5832155.062028002925217 ], [ 389999.523757230432238, 5832126.519417153671384 ], [ 389989.590964596485719, 5832130.008455283008516 ], [ 389988.696956515370402, 5832119.826242954470217 ], [ 389984.999345013988204, 5832104.197861541062593 ], [ 389959.234528100758325, 5832121.687588518485427 ], [ 389960.227256028796546, 5832105.569855759851635 ], [ 389955.623424394638278, 5832094.858381737954915 ], [ 389950.227673297282308, 5832095.061196470633149 ], [ 389943.834261165116914, 5832095.383015394210815 ], [ 389934.615507263340987, 5832104.858005193062127 ], [ 389927.570024061889853, 5832107.692066413350403 ], [ 389921.822071570262779, 5832110.401409122161567 ], [ 389915.603806954866741, 5832109.419986179098487 ], [ 389905.625178054440767, 5832100.010845798067749 ], [ 389898.295847221277654, 5832087.951410682871938 ], [ 389891.430217291635927, 5832084.482507245615125 ], [ 389888.182075425225776, 5832081.944595088250935 ], [ 389876.171928891679272, 5832070.874291083775461 ], [ 389863.706039679003879, 5832083.110961292870343 ], [ 389860.339899818063714, 5832084.874982030130923 ], [ 389858.063757698168047, 5832086.118268366903067 ], [ 389857.15652806579601, 5832085.735585976392031 ], [ 389852.836429249262437, 5832079.418379711918533 ], [ 389845.479531583201606, 5832071.159189475700259 ], [ 389831.425427551497705, 5832052.528391064144671 ], [ 389817.496269548893906, 5832056.193576294928789 ], [ 389801.151006741216406, 5832059.004869045689702 ], [ 389783.224590840283781, 5832068.045838609337807 ], [ 389781.904199410346337, 5832066.971080594696105 ], [ 389782.237238287110813, 5832052.965759092010558 ], [ 389782.420902927522548, 5832046.862705746665597 ], [ 389774.419552990584634, 5832041.515582121908665 ], [ 389754.721482220862526, 5832046.790590142831206 ], [ 389748.583225086214952, 5832050.007334125228226 ], [ 389740.144172299769707, 5832063.667161799967289 ], [ 389735.386258123791777, 5832065.857675317674875 ], [ 389731.007215418212581, 5832066.941049487330019 ], [ 389728.898600610205904, 5832066.481267914175987 ], [ 389726.165480739902705, 5832064.733481944538653 ], [ 389723.826472458196804, 5832062.67820767313242 ], [ 389721.262785756902304, 5832059.327309855259955 ], [ 389715.803157297195867, 5832050.931969782337546 ], [ 389704.638267242058646, 5832031.74614511616528 ], [ 389703.393067262135446, 5832029.370048908516765 ], [ 389701.06167899875436, 5832027.714599934406579 ], [ 389693.313580815272871, 5832025.162444592453539 ], [ 389685.569404219451826, 5832033.309433345682919 ], [ 389688.845787924889009, 5832005.848999004811049 ], [ 389681.238548103894573, 5832000.194385308772326 ], [ 389665.506242826231755, 5831993.194711255840957 ], [ 389664.174421189236455, 5831991.520214323885739 ], [ 389660.908014483749866, 5831972.283866479061544 ], [ 389653.377871330478229, 5831965.427870248444378 ], [ 389649.195718122995459, 5831950.60865119472146 ], [ 389641.158171724760905, 5831943.362352563999593 ], [ 389642.260388371651061, 5831927.742486319504678 ], [ 389637.954521948879119, 5831916.925332427956164 ], [ 389613.107216811506078, 5831919.598655616864562 ], [ 389611.892496732645668, 5831918.821861268021166 ], [ 389610.920497440267354, 5831915.040660218335688 ], [ 389613.976129617542028, 5831896.983744191937149 ], [ 389594.568176606087945, 5831880.754784544929862 ], [ 389570.567031321348622, 5831870.112949455156922 ], [ 389553.268914957356174, 5831880.641834129579365 ], [ 389550.881383835570887, 5831881.287286449223757 ], [ 389545.947310815448873, 5831879.481446529738605 ], [ 389532.381664736778475, 5831870.740602670237422 ], [ 389513.585202556336299, 5831886.597655205987394 ], [ 389512.501244968734682, 5831918.915964889340103 ], [ 389505.024438870954327, 5831914.85874583106488 ], [ 389487.856538631836884, 5831905.986560174264014 ], [ 389486.419045017682947, 5831904.014097757637501 ], [ 389486.393273471563589, 5831897.415067813359201 ], [ 389482.276896234834567, 5831891.293958057649434 ], [ 389477.89975502435118, 5831892.477287595160306 ], [ 389466.31440829357598, 5831903.697256338782609 ], [ 389463.496570136980154, 5831902.751024718396366 ], [ 389461.775344141235109, 5831896.384287974797189 ], [ 389463.719017753610387, 5831872.448983212001622 ], [ 389464.780334472481627, 5831859.929665710777044 ], [ 389460.63257946621161, 5831857.408892202191055 ], [ 389461.528272472263779, 5831846.692600175738335 ], [ 389465.372347297728993, 5831849.019175083376467 ], [ 389469.001268935040571, 5831850.549907843582332 ], [ 389474.037204574095085, 5831852.453800091519952 ], [ 389479.449999964446761, 5831842.651359926909208 ], [ 389480.452370989019983, 5831837.532629235647619 ], [ 389486.129634883312974, 5831810.126427069306374 ], [ 389524.594774181197863, 5831703.501149474643171 ], [ 389561.874095369246788, 5831629.096143462695181 ], [ 389619.151081794640049, 5831517.91274787299335 ], [ 389629.092312712746207, 5831499.124674955382943 ], [ 389636.080560628673993, 5831482.792696309275925 ], [ 389641.911236017069314, 5831468.682614979334176 ], [ 389645.889453139272518, 5831462.307270516641438 ], [ 389649.060397366702091, 5831455.54733769595623 ], [ 389684.82516040361952, 5831380.371289913542569 ], [ 389727.734289070824161, 5831286.560474997386336 ], [ 389760.392798728425987, 5831211.043669906444848 ], [ 389783.373755072127096, 5831152.410048925317824 ], [ 389817.768556755501777, 5831063.061191402375698 ], [ 389837.080701665719971, 5831011.296991078183055 ], [ 389851.772075670945924, 5830968.920155125670135 ], [ 389859.636097108072136, 5830946.071983167901635 ], [ 389861.534277968108654, 5830940.736205072142184 ], [ 389867.655313857016154, 5830926.120642025955021 ], [ 389930.557256871135905, 5830769.033605023287237 ], [ 389935.362712005502544, 5830758.842788766138256 ], [ 389995.378305410209578, 5830597.211130788549781 ], [ 390026.068946162820794, 5830486.634503176435828 ], [ 390049.491912629804574, 5830320.000507496297359 ], [ 390053.187274219351821, 5830293.532052346505225 ], [ 390059.176773975428659, 5830251.021071350201964 ], [ 390060.659627083223313, 5830202.896373346447945 ], [ 390059.346858630946372, 5830050.032680094242096 ], [ 390045.695559541869443, 5829874.105773200280964 ], [ 390014.699080392892938, 5829800.701756655238569 ], [ 390015.286411916022189, 5829794.791002702899277 ], [ 389990.654902820650022, 5829740.564294102601707 ], [ 389969.779907181335147, 5829694.565403170883656 ], [ 389977.520424674148671, 5829707.216995812952518 ], [ 389963.118888334138319, 5829675.593708921223879 ], [ 389943.153029682463966, 5829630.077455779537559 ], [ 389906.564671964733861, 5829546.580685802735388 ], [ 389889.129187760234345, 5829507.915709398686886 ], [ 389837.72997775580734, 5829392.303450219333172 ], [ 389823.534084742364939, 5829360.97620449680835 ], [ 389802.564875222393312, 5829315.279052746482193 ], [ 389791.80086232163012, 5829290.885911712422967 ], [ 389777.529774736030959, 5829260.859996956773102 ], [ 389733.232362436247058, 5829161.111224361695349 ], [ 389720.727196809311863, 5829134.551405495032668 ], [ 389705.029089853167534, 5829097.853155553340912 ], [ 389681.591412112175021, 5829043.30365386698395 ], [ 389680.229132559499703, 5829040.029845775105059 ], [ 389675.068458767898846, 5829026.329162352718413 ], [ 389673.510074540041387, 5829023.259075234644115 ], [ 389663.222072950855363, 5829002.856560718268156 ], [ 389642.567062280606478, 5828963.152953704819083 ], [ 389626.712888652808033, 5828939.256730635650456 ], [ 389613.550900489441119, 5828920.208864508196712 ], [ 389601.153355438029394, 5828904.546187347732484 ], [ 389576.360169979510829, 5828873.32078692317009 ], [ 389507.977550470328424, 5828784.730419697239995 ], [ 389475.242301202844828, 5828740.757482128217816 ], [ 389470.622411472315434, 5828734.445986435748637 ], [ 389461.701512519677635, 5828733.316020276397467 ], [ 389452.942480048921425, 5828719.683948745019734 ], [ 389446.89464063604828, 5828711.899770381860435 ], [ 389435.617652874148916, 5828697.315739753656089 ], [ 389403.733461412135512, 5828656.026364301331341 ], [ 389338.122079094464425, 5828571.182878494262695 ], [ 389302.54046091157943, 5828524.764316716231406 ], [ 389288.586551260319538, 5828506.131584855727851 ], [ 389267.962220723507926, 5828478.526618448086083 ], [ 389209.198348421370611, 5828401.452029274776578 ], [ 389204.846904706093483, 5828398.735132472589612 ], [ 389204.880235544987954, 5828395.234769267961383 ], [ 389159.889398828730918, 5828337.796268169768155 ], [ 389086.921259408642072, 5828244.693453005515039 ], [ 388983.860577082319651, 5828109.867043036036193 ], [ 388950.329518658574671, 5828066.109131908044219 ], [ 388910.856115357368253, 5828056.861751710996032 ], [ 388846.91040080745006, 5828048.980424002744257 ], [ 388842.10485566384159, 5828048.671985803171992 ], [ 388771.305883057822939, 5828043.221012682653964 ], [ 388613.690039328066632, 5828031.324249976314604 ], [ 388581.292561739741359, 5828031.341367949731648 ], [ 388509.188341553614009, 5828036.114473728463054 ], [ 388478.180735200177878, 5828035.605156930163503 ], [ 388373.865635889815167, 5828029.192673853598535 ], [ 388346.825843795901164, 5828027.007902075536549 ], [ 388314.638750090089161, 5828022.321365980431437 ], [ 388281.832876608590595, 5828016.646690121851861 ], [ 388240.679170481918845, 5828008.431216164492071 ], [ 388134.530615229974501, 5827979.255348884500563 ], [ 388060.565343297668733, 5827954.566098576411605 ], [ 388078.928023950778879, 5827936.917643112130463 ], [ 388092.086247119761538, 5827924.267950182780623 ], [ 388125.864286775526125, 5827891.726980729028583 ], [ 388133.129773449560162, 5827884.689115033484995 ], [ 388145.991931279422715, 5827872.245049633085728 ], [ 388165.040985225874465, 5827853.883581390604377 ], [ 388218.396144412457943, 5827856.967046867124736 ], [ 388208.903264474647585, 5827820.550600954331458 ], [ 388314.67261464567855, 5827719.543540122918785 ], [ 388346.780848828027956, 5827693.833896902389824 ], [ 388371.021028102084529, 5827669.773999446071684 ], [ 388362.110606510890648, 5827663.944160179235041 ], [ 388443.227530103991739, 5827591.604569433256984 ], [ 388467.388686982390936, 5827568.646105949766934 ], [ 388515.809051857504528, 5827522.627327621914446 ], [ 388586.964521836780477, 5827452.277377681806684 ], [ 388659.749749786453322, 5827383.496292143128812 ], [ 388741.150360692641698, 5827305.051878089085221 ], [ 388757.840339541202411, 5827299.334429688751698 ], [ 388762.609720501932316, 5827297.743711420334876 ], [ 388784.268992834724486, 5827290.431738184764981 ], [ 388808.060698700370267, 5827279.579421826638281 ], [ 388836.879909523762763, 5827243.933253447525203 ], [ 388834.307742233620957, 5827234.882938380353153 ], [ 388884.992828943300992, 5827187.021251651458442 ], [ 388932.926703000266571, 5827141.711780694313347 ], [ 389030.261437677079812, 5827049.365065472200513 ], [ 389082.121249293268193, 5827000.18115549441427 ], [ 389115.305210697930306, 5826967.951638522557914 ], [ 389127.822718380368315, 5826958.413973272778094 ], [ 389132.159912240167614, 5826955.131622998975217 ], [ 389143.106660039047711, 5826947.123756039887667 ], [ 389153.359208855836187, 5826970.926643361337483 ], [ 389155.712492967722937, 5826968.482013082131743 ], [ 389157.477456046966836, 5826966.648540392518044 ], [ 389172.971812875126489, 5826950.654681270942092 ], [ 389192.1522339307121, 5826928.691083788871765 ], [ 389199.181633790663909, 5826919.757898772135377 ], [ 389232.405628168024123, 5826879.128289085812867 ], [ 389237.29307705629617, 5826873.235663757659495 ], [ 389270.546535034663975, 5826839.404971388168633 ], [ 389304.139829972817097, 5826807.667649265378714 ], [ 389323.88283957762178, 5826788.993094976060092 ], [ 389376.53466897085309, 5826739.394204661250114 ], [ 389400.999469325353857, 5826716.630050321109593 ], [ 389429.790041017520707, 5826689.983818455599248 ], [ 389426.984630193095654, 5826684.437681691721082 ], [ 389493.465798196324613, 5826620.676551989279687 ], [ 389560.865601995959878, 5826557.897871576249599 ], [ 389628.567172275506891, 5826495.213458341546357 ], [ 389701.218906620808411, 5826440.434169528074563 ], [ 389704.418429543380626, 5826445.672822684980929 ], [ 389749.376304531702772, 5826412.119282625615597 ], [ 389792.307407255051658, 5826382.404044350609183 ], [ 389835.032883426232729, 5826352.392752015031874 ], [ 389864.995276762580033, 5826329.52396001201123 ], [ 389893.12038746959297, 5826304.69031700771302 ], [ 389937.621408812934533, 5826257.646583556197584 ], [ 389953.013890001107939, 5826241.554732306860387 ], [ 389965.722769650979899, 5826226.313920576125383 ], [ 389967.20689258078346, 5826225.485723182559013 ], [ 389979.911965885665268, 5826210.045000961050391 ], [ 389983.927355080610141, 5826210.868467009626329 ], [ 389981.976796672970522, 5826208.205825388431549 ], [ 389978.898169600171968, 5826204.064784330315888 ], [ 390036.454606358252931, 5826138.973891392350197 ], [ 390092.04806998744607, 5826075.82024443987757 ], [ 390098.897402950504329, 5826083.689179479144514 ], [ 390114.451557930733543, 5826086.592741557396948 ], [ 390120.907123981742188, 5826052.772514254786074 ], [ 390143.183101994218305, 5826056.847976930439472 ], [ 390150.255624688812532, 5826013.416774411685765 ], [ 390166.309559043031186, 5826016.310822143219411 ], [ 390171.332389579503797, 5825986.017601521685719 ], [ 390182.014499335957225, 5825974.615094780921936 ], [ 390188.63826904213056, 5825975.888854644261301 ], [ 390192.887096465565264, 5825952.20984467677772 ], [ 390213.842790766677354, 5825944.71138459071517 ], [ 390231.424704561184626, 5825938.577062916941941 ], [ 390232.518516289826948, 5825938.256259119138122 ], [ 390292.417345167254098, 5825917.417276785708964 ], [ 390362.448917498346418, 5825893.085624473169446 ], [ 390364.734593520057388, 5825892.342158328741789 ], [ 390385.439798001665622, 5825897.94741584174335 ], [ 390422.666173468867783, 5825925.736264743842185 ], [ 390500.561377758684102, 5825852.258856206201017 ], [ 390692.196400377899408, 5825671.024350651539862 ], [ 390766.644486740813591, 5825600.312458181753755 ], [ 390732.660634938627481, 5825564.262534380890429 ], [ 390832.59406716551166, 5825461.368015157990158 ], [ 390816.35938449925743, 5825448.978170218877494 ], [ 390785.986296232091263, 5825418.759005452506244 ], [ 390774.97788468451472, 5825407.769525015726686 ], [ 390770.133410595008172, 5825400.162394909188151 ], [ 390771.41000670066569, 5825398.93818639870733 ], [ 390779.071486252709292, 5825391.692891100421548 ], [ 390788.679608207195997, 5825397.409467535093427 ], [ 390812.749342955299653, 5825369.65341079980135 ], [ 390815.375849775155075, 5825365.803713027387857 ], [ 390814.85994403611403, 5825359.714035679586232 ], [ 390812.411516500753351, 5825357.160867029801011 ], [ 390796.808024179539643, 5825341.15929398778826 ], [ 390807.518671628902666, 5825331.256156926043332 ], [ 390804.878946238488425, 5825323.907023493200541 ], [ 390822.055404077051207, 5825306.981343455612659 ], [ 390918.346562213380821, 5825212.355588587932289 ], [ 390925.516980496991891, 5825189.820907276123762 ], [ 390923.366520512965508, 5825187.162073345854878 ], [ 390944.691662301309407, 5825167.557628903537989 ], [ 390947.143893665808719, 5825170.310708947479725 ], [ 390965.672955810383428, 5825166.658193894661963 ], [ 390982.166842944978271, 5825150.645449459552765 ], [ 391066.603047984302975, 5825068.844441834837198 ], [ 391088.25950524257496, 5825045.634000468999147 ], [ 391101.528151412145235, 5825028.282788188196719 ], [ 391097.565161764156073, 5825024.958521734923124 ], [ 391100.697158434195444, 5825021.399180164560676 ], [ 391123.544581228110474, 5824992.466540042310953 ], [ 391144.243449513800442, 5824960.975025156512856 ], [ 391154.734255190356635, 5824944.77661466691643 ], [ 391164.817624881688971, 5824928.185995380394161 ], [ 391182.533032655541319, 5824897.551222928799689 ], [ 391200.302728798880707, 5824864.515618764795363 ], [ 391220.170610141940415, 5824826.14051064196974 ], [ 391221.40724592062179, 5824822.817240514792502 ], [ 391265.575449540396221, 5824737.283372578211129 ], [ 391278.054194579774048, 5824699.448921924456954 ], [ 391285.337903577892575, 5824677.61205623485148 ], [ 391291.785810923262034, 5824653.891261716373265 ], [ 391296.628712980949786, 5824629.901049482636154 ], [ 391304.913232150720432, 5824581.847313076257706 ], [ 391312.532432968378998, 5824525.106969434767962 ], [ 391319.184426715713926, 5824470.084900175221264 ], [ 391329.568284573208075, 5824400.992952978238463 ], [ 391331.979139425966423, 5824359.550504776649177 ], [ 391333.671795270522125, 5824353.918747271411121 ], [ 391337.611177821701858, 5824340.244884244166315 ], [ 391341.40239615313476, 5824297.776242201216519 ], [ 391339.407079701777548, 5824298.014211194589734 ], [ 391339.131686215696391, 5824241.524162132292986 ], [ 391339.145385121752042, 5824210.726467992179096 ], [ 391339.282890023139771, 5824175.926750333048403 ], [ 391338.233485387288965, 5824126.050886338576674 ], [ 391345.472205968049821, 5824049.319468142464757 ], [ 391351.946159301383886, 5824000.700268732383847 ], [ 391356.51117313245777, 5823972.615701103582978 ], [ 391358.295294031267986, 5823961.282679930329323 ], [ 391362.354821816843469, 5823932.907760973088443 ], [ 391365.229081184254028, 5823910.554905387572944 ], [ 391369.38958680536598, 5823876.978499126620591 ], [ 391372.027651328477077, 5823863.229423142969608 ], [ 391376.146166584454477, 5823837.953124767169356 ], [ 391377.915069647599012, 5823825.820461311377585 ], [ 391383.252222645911388, 5823791.021758572198451 ], [ 391385.109667258220725, 5823778.287460188381374 ], [ 391387.131894725025631, 5823758.450617825612426 ], [ 391389.91483714338392, 5823731.299904218874872 ], [ 391389.700724618625827, 5823725.304480989463627 ], [ 391389.077413568389602, 5823708.317765601910651 ], [ 391385.910560212563723, 5823683.780103120952845 ], [ 391382.527554126281757, 5823663.646187624894083 ], [ 391376.167817066074349, 5823639.469278214499354 ], [ 391369.415867412288208, 5823615.699800692498684 ], [ 391367.394937023636885, 5823609.338804426603019 ], [ 391366.225024874962401, 5823605.661383161321282 ], [ 391356.790506125777029, 5823577.543335716240108 ], [ 391350.163106755004264, 5823565.570501040667295 ], [ 391344.069734202348627, 5823555.38735041115433 ], [ 391337.369015157222748, 5823544.81579393800348 ], [ 391332.645466704852879, 5823538.306259038858116 ], [ 391328.231299335195217, 5823532.290793099440634 ], [ 391325.5658518205164, 5823528.841822733171284 ], [ 391318.395793775795028, 5823519.879066055640578 ], [ 391301.905231399054173, 5823499.2947110645473 ], [ 391326.662873953522649, 5823502.423140577040613 ], [ 391387.10190308757592, 5823509.971935400739312 ], [ 391441.520729798241518, 5823516.435424926690757 ], [ 391447.980829789768904, 5823440.81877008266747 ], [ 391455.128341527131852, 5823359.289526861160994 ], [ 391459.66032040695427, 5823313.707068553194404 ], [ 391509.597428216831759, 5823110.973437591455877 ], [ 391526.137776413117535, 5823044.864121608436108 ], [ 391526.399658283684403, 5823042.825957564637065 ], [ 391462.000818945234641, 5823034.982497808523476 ], [ 391461.794852550141513, 5823032.224062971770763 ], [ 391451.808633962587919, 5823031.646821296773851 ], [ 391458.002639416081365, 5823005.964383690617979 ], [ 391478.300668157811742, 5822921.885039754211903 ], [ 391489.049146045173984, 5822866.685062994249165 ], [ 391495.670738249202259, 5822820.562884604558349 ], [ 391499.566568502283189, 5822794.090945753268898 ], [ 391514.454179854306858, 5822677.917301461100578 ], [ 391555.655637898424175, 5822520.546254680491984 ], [ 391627.139809524640441, 5822315.102886848151684 ], [ 391719.696425302769057, 5822355.237783284857869 ], [ 391729.069965262315236, 5822322.362143182195723 ], [ 391774.447709577565547, 5822342.396731456741691 ], [ 391808.77771537884837, 5822317.845372308045626 ], [ 391835.006786311801989, 5822219.654448444955051 ], [ 391835.75697422772646, 5822217.040391077287495 ], [ 391838.461662882356904, 5822206.789779440499842 ], [ 391849.695461171097122, 5822166.579367497004569 ], [ 391845.974266140139662, 5822165.450290757231414 ], [ 391849.830869881086983, 5822152.677968525327742 ], [ 391853.448304409044795, 5822153.60903708729893 ], [ 391859.907740335154813, 5822130.488051720894873 ], [ 391855.984731520351488, 5822129.262824037112296 ], [ 391878.152475399139803, 5822048.847717642784119 ], [ 391882.976988754991908, 5822050.155780457891524 ], [ 391892.25439290079521, 5822017.481974583119154 ], [ 391894.499252897978295, 5822009.339938922785223 ], [ 391899.283134185709059, 5821992.750295030884445 ], [ 391915.506449771753978, 5821936.246314489282668 ], [ 391924.602971147629432, 5821904.575871707871556 ], [ 391926.572693974128924, 5821897.738963166251779 ], [ 391934.828583139402326, 5821869.184256984852254 ], [ 391937.35999753215583, 5821860.336829162202775 ], [ 391939.491588661679998, 5821851.497010556049645 ], [ 391947.925607603450771, 5821816.539460544474423 ], [ 391983.945963394129649, 5821702.163634121417999 ], [ 392025.996443273150362, 5821673.465760023333132 ], [ 392041.693496408872306, 5821662.867912815883756 ], [ 392029.8352653933689, 5821643.995210891589522 ], [ 391994.762257319758646, 5821587.467542437836528 ], [ 391993.213464282394852, 5821584.897238079458475 ], [ 391970.311871680256445, 5821547.936248345300555 ], [ 391959.358953328686766, 5821529.346285592764616 ], [ 391906.126900061091874, 5821443.366697345860302 ], [ 391901.573253023554571, 5821414.25583354383707 ], [ 391901.23344146279851, 5821412.162478512153029 ], [ 391881.422141782706603, 5821311.648052006028593 ], [ 391881.08613486494869, 5821309.754607405513525 ], [ 391877.424296547367703, 5821290.725912307389081 ], [ 391877.086387657327577, 5821288.732512355782092 ], [ 391872.922868961759377, 5821269.613372163847089 ], [ 391878.949141501972917, 5821250.000349568203092 ], [ 391867.678396100294776, 5821225.216948438435793 ], [ 391842.67664712946862, 5821146.199460497125983 ], [ 391912.870772406284232, 5821125.165388495661318 ], [ 391952.047949603176676, 5821113.620794559828937 ], [ 391965.965683411050122, 5821109.35629120003432 ], [ 391972.130609667277895, 5821107.539122163318098 ], [ 392016.075226920598652, 5821094.303947439417243 ], [ 392018.262842473690398, 5821093.662370046600699 ], [ 392032.053989652486052, 5821088.00039629265666 ], [ 392055.574233454768546, 5821078.653585131280124 ], [ 392093.2835419519688, 5821063.537239516153932 ], [ 392099.435151968849823, 5821061.020384959876537 ], [ 392146.215705060982145, 5821044.431536580435932 ], [ 392194.158532336121425, 5821031.12029226962477 ], [ 392228.673898498993367, 5821021.564261903986335 ], [ 392270.47862198355142, 5821000.970460405573249 ], [ 392287.122828002611641, 5820992.85440893098712 ], [ 392358.361425501410849, 5820958.401665230281651 ], [ 392421.370258127106354, 5820927.605234010145068 ], [ 392439.400523560587317, 5820918.762874107807875 ], [ 392505.183376390777994, 5820886.613781917840242 ], [ 392539.976161541475449, 5820854.854414869099855 ], [ 392552.655516522936523, 5820843.314123628661036 ], [ 392557.80566085933242, 5820840.7163404263556 ], [ 392566.716080161102582, 5820836.047178074717522 ], [ 392588.798023691400886, 5820819.428395943716168 ], [ 392590.316378204326611, 5820820.399417201988399 ], [ 392603.52023599203676, 5820810.149035267531872 ], [ 392602.494051833171397, 5820808.768683457747102 ], [ 392674.149943517695647, 5820754.209807240404189 ], [ 392693.171297859516926, 5820739.649098005145788 ], [ 392776.023257313587237, 5820679.677659908309579 ], [ 392793.677562967059202, 5820666.842822032980621 ], [ 392915.893301175558008, 5820783.806839277036488 ], [ 392948.585769198660273, 5820815.081957043148577 ], [ 392988.100791062461212, 5820852.826666791923344 ], [ 393063.260248953651171, 5820924.590049865655601 ], [ 393074.526692640502006, 5820922.875795079395175 ], [ 393087.778932174551301, 5820920.423814715817571 ], [ 393118.299600247468334, 5820921.642885192297399 ], [ 393119.327685725467745, 5820923.123189842328429 ], [ 393122.403482193767559, 5820921.864766892977059 ], [ 393132.510400574537925, 5820922.272391675040126 ], [ 393145.341893749777228, 5820918.728514898568392 ], [ 393152.186220408999361, 5820931.597129481844604 ], [ 393157.595031787583139, 5820942.593227360397577 ], [ 393177.758363996690605, 5820946.009207308292389 ], [ 393335.653186636685859, 5820972.702018490992486 ], [ 393367.251374226354528, 5820978.000215629115701 ], [ 393429.548143313964829, 5820988.613725641742349 ], [ 393521.830477869603783, 5821003.856173348613083 ], [ 393577.109423665795475, 5821013.503314797766507 ], [ 393926.5016634031781, 5821072.448804217390716 ], [ 394005.949667691602372, 5821085.835626008920372 ], [ 394034.603360249253456, 5821041.49432934820652 ], [ 394060.34018541907426, 5821001.508155176416039 ], [ 394089.877489272272214, 5820998.346324742771685 ], [ 394334.815671063959599, 5821243.162636767141521 ], [ 394483.988223960448522, 5821005.94540414121002 ], [ 394518.23956003470812, 5820950.998612497001886 ], [ 394569.086787053965963, 5820869.638427866622806 ], [ 394582.79053764604032, 5820848.879546452313662 ], [ 394610.548406830057502, 5820804.755360079929233 ], [ 394614.366965542430989, 5820789.98405009880662 ], [ 394615.299945085775107, 5820786.466618718579412 ], [ 394640.050506431143731, 5820747.19922308344394 ], [ 394655.479271656076889, 5820722.507884689606726 ], [ 394707.229843338602223, 5820746.420862614177167 ], [ 394754.340631763217971, 5820768.222324931994081 ], [ 394804.174929879081901, 5820791.271837316453457 ], [ 394815.978089658950921, 5820796.746713772416115 ], [ 394882.962612270493992, 5820827.769105303101242 ], [ 394885.787982513895258, 5820829.115212756209075 ], [ 394903.239978903555311, 5820837.182347018271685 ], [ 394946.715376077743713, 5820851.853631503880024 ], [ 394980.528514498320874, 5820863.209097940474749 ], [ 394998.945820600842126, 5820869.458027241751552 ], [ 395005.016639664361719, 5820857.443613423034549 ], [ 395008.497091658005957, 5820851.177961334586143 ], [ 395014.168090928986203, 5820839.171156128868461 ], [ 395064.700100191519596, 5820709.721564890816808 ], [ 395072.61215248220833, 5820689.372893157415092 ], [ 395126.096341899246909, 5820552.167886042967439 ], [ 395185.873271715303417, 5820398.844677033834159 ], [ 395229.154950910946354, 5820287.731453245505691 ], [ 395231.826258437940851, 5820280.981252545490861 ], [ 395255.913701170589775, 5820269.923928184434772 ], [ 395238.000615261145867, 5820232.368310373276472 ], [ 395230.597602648078464, 5820216.410674453713 ], [ 395194.235530926205683, 5820139.409799811430275 ], [ 395314.190733855124563, 5820100.830835536122322 ], [ 395320.257552831724752, 5820099.11555378511548 ], [ 395393.298376655671746, 5820075.327930189669132 ], [ 395425.399319821444806, 5820065.01806818228215 ], [ 395441.002846321673132, 5820060.021627538837492 ], [ 395668.098771426535677, 5819987.307231370359659 ], [ 395682.210573589894921, 5819982.739140995778143 ], [ 395693.440802823402919, 5819979.12579173501581 ], [ 395878.717465451918542, 5819999.798330357298255 ], [ 395889.341198952519335, 5820001.096054911613464 ], [ 395979.321186462766491, 5820010.982941888272762 ], [ 395986.335135362693109, 5820011.749404747970402 ], [ 395999.561493017303292, 5820013.197590454481542 ], [ 396144.755338936694898, 5820029.333240108564496 ], [ 396176.220993574126624, 5820032.934152660891414 ], [ 396232.234501888975501, 5820039.16770395077765 ], [ 396235.140795188082848, 5820039.512368543073535 ], [ 396276.826543970091734, 5820044.218700069002807 ], [ 396333.847192899498623, 5820050.833046547137201 ], [ 396291.67735654412536, 5820120.528762414120138 ], [ 396280.729483824456111, 5820144.234803431667387 ], [ 396263.869919872377068, 5820172.552894279360771 ], [ 396260.864521183248144, 5820177.509606435894966 ], [ 396238.277959562838078, 5820209.636312296614051 ], [ 396215.074552528676577, 5820240.874845203012228 ], [ 396189.428487541154027, 5820269.860079693607986 ], [ 396176.470313510857522, 5820282.505447329953313 ], [ 396169.210608676308766, 5820289.842888510785997 ], [ 396161.747190415626392, 5820296.984225261956453 ], [ 396153.378473777906038, 5820303.842816456221044 ], [ 396131.436638082261197, 5820322.558555839583278 ], [ 396100.978579681308474, 5820345.635936508886516 ], [ 396068.787053200881928, 5820366.946476532146335 ], [ 396034.769711267319508, 5820386.891894619911909 ], [ 396001.125557667866815, 5820405.430349010974169 ], [ 395965.411932026734576, 5820420.308536765165627 ], [ 395928.9776977582369, 5820434.100543507374823 ], [ 395892.082776668306906, 5820444.701623341068625 ], [ 395862.227581428945996, 5820452.169040951877832 ], [ 395851.478112888114993, 5820454.773349957540631 ], [ 395781.083961846539751, 5820470.511419730260968 ], [ 395723.055665634397883, 5820484.514342575334013 ], [ 395708.423171177157201, 5820487.992462733760476 ], [ 395664.865293473936617, 5820511.019169960170984 ], [ 395606.381606983253732, 5820543.129056921228766 ], [ 395582.038073671807069, 5820556.491044769063592 ], [ 395541.061891587800346, 5820578.568727223202586 ], [ 395501.257486615213566, 5820604.423759477213025 ], [ 395464.622055441082921, 5820633.918149011209607 ], [ 395454.422656738664955, 5820644.411255058832467 ], [ 395444.911529957142193, 5820654.291321543976665 ], [ 395438.261054287198931, 5820662.117143615148962 ], [ 395423.198955610161647, 5820679.802112013101578 ], [ 395418.89604227070231, 5820684.883518779650331 ], [ 395413.622110628872178, 5820691.483261439017951 ], [ 395402.387877352768555, 5820705.395741980522871 ], [ 395377.04715360654518, 5820745.174242326058447 ], [ 395325.167105704138521, 5820830.053569384850562 ], [ 395301.197223687544465, 5820868.306141058914363 ], [ 395272.506445258331951, 5820915.947679792530835 ], [ 395281.976203021185938, 5820930.166132596321404 ], [ 395322.124520293320529, 5820943.400842421688139 ], [ 395327.660084042930976, 5820945.295319094322622 ], [ 395364.091044086264446, 5820957.600856952369213 ], [ 395367.314329243963584, 5820958.839399166405201 ], [ 395398.311580495443195, 5820969.348510891199112 ], [ 395497.747989114141092, 5821003.252964231185615 ], [ 395549.984079340356402, 5821021.15717659983784 ], [ 395568.501318264694419, 5821027.404186780564487 ], [ 395578.667139896540903, 5821030.910390581935644 ], [ 395601.93410299893003, 5821066.064276793971658 ], [ 395607.533293402695563, 5821076.556726885028183 ], [ 395619.461793366470374, 5821099.127581278793514 ], [ 395625.372261980548501, 5821110.214050292037427 ], [ 395686.878641020448413, 5821226.432507443241775 ], [ 395698.392110758635681, 5821248.211326408199966 ], [ 395743.19708351441659, 5821332.750602645799518 ], [ 395747.136131170089357, 5821340.074941080994904 ], [ 395760.519174987275619, 5821365.517824365757406 ], [ 395768.526622432342265, 5821386.963393001817167 ], [ 395770.609417053929064, 5821391.323339750990272 ], [ 395786.667729903419968, 5821399.716922784224153 ], [ 395843.026509620016441, 5821429.341490355320275 ], [ 395842.364870559598785, 5821431.353891329839826 ], [ 395842.120170921261888, 5821434.258272309787571 ], [ 395842.361929762060754, 5821436.453462432138622 ], [ 395844.039198644575663, 5821440.521153855137527 ], [ 395846.608452016836964, 5821444.171908614225686 ], [ 395849.964028313814197, 5821447.107765970751643 ], [ 395848.972952935204376, 5821452.826084372587502 ], [ 395968.035209227353334, 5821514.454204733483493 ], [ 395987.34533438750077, 5821525.5856275819242 ], [ 396016.097728439373896, 5821544.236623039469123 ], [ 396016.77838925056858, 5821543.223765244707465 ], [ 396018.76607129839249, 5821542.585995997302234 ], [ 396020.446279923082329, 5821541.554116337560117 ], [ 396026.527266540564597, 5821545.837971861474216 ], [ 396028.847151427762583, 5821546.893718209117651 ], [ 396031.447877960745245, 5821546.944215533323586 ], [ 396033.933431553828996, 5821546.19698110409081 ], [ 396036.003947877325118, 5821544.657721498049796 ], [ 396039.731845518341288, 5821540.887131394818425 ], [ 396044.801870496477932, 5821544.590283154509962 ], [ 396042.950286460458301, 5821547.125280752778053 ], [ 396045.283487147593405, 5821548.880706730298698 ], [ 396045.867997649940662, 5821548.069659671746194 ], [ 396080.028323722479399, 5821572.417179712094367 ], [ 396122.297264247725252, 5821602.50981826428324 ], [ 396122.316287088266108, 5821603.509360467083752 ], [ 396136.302174301352352, 5821613.342232251539826 ], [ 396138.629667958361097, 5821614.797794747166336 ], [ 396137.808068969869055, 5821618.913037466816604 ], [ 396135.561337976367213, 5821626.955027781426907 ], [ 396117.500156250433065, 5821676.194061853922904 ], [ 396095.394965521176346, 5821733.609286765567958 ], [ 396086.694762946455739, 5821754.572869951836765 ], [ 396078.346822090446949, 5821773.029989324510098 ], [ 396074.641754392709117, 5821778.000032084062696 ], [ 396067.955164279323071, 5821783.926730540581048 ], [ 396058.877268673561048, 5821790.298900180496275 ], [ 396051.556707837851718, 5821794.437836327590048 ], [ 396019.414854641829152, 5821807.848309791646898 ], [ 396015.758378553553484, 5821810.117686715908349 ], [ 395983.224147791799624, 5821834.434590057469904 ], [ 395984.993765716790222, 5821838.100559007376432 ], [ 395986.8747524790233, 5821842.364351182244718 ], [ 396007.31053179432638, 5821886.37119372189045 ], [ 396015.13054049690254, 5821903.220744919031858 ], [ 396017.532227670191787, 5821908.574521741829813 ], [ 396073.176575751218479, 5822032.003623845987022 ], [ 396065.204923783137929, 5822033.455214015208185 ], [ 396064.487247514596675, 5822027.269465427845716 ], [ 396050.383950625488069, 5822037.536919901147485 ], [ 396226.655221985245589, 5822252.26122544426471 ], [ 396214.031467898923438, 5822313.995581983588636 ], [ 396204.809263739094604, 5822360.066699117422104 ], [ 396185.576644993619993, 5822452.823884603567421 ], [ 396162.002814914332703, 5822569.661406348459423 ], [ 396159.168665256758686, 5822583.614017163403332 ], [ 396157.975793639430776, 5822589.236184699460864 ], [ 396156.882876866555307, 5822594.856449814513326 ], [ 396096.836497782962397, 5822891.571049350313842 ], [ 396095.372303896117955, 5822898.698239700868726 ], [ 396084.630785820365418, 5822948.997903359122574 ], [ 396078.042869112454355, 5822981.120239502750337 ], [ 396067.289943668816704, 5823030.820182359777391 ], [ 396056.716888001945335, 5823084.71630313526839 ], [ 396053.166829641908407, 5823103.082128514535725 ], [ 396066.757631260959897, 5823118.421943684108555 ], [ 396077.183241504535545, 5823130.322340410202742 ], [ 396083.165309765376151, 5823129.408550765365362 ], [ 396148.36642301233951, 5823119.268327812664211 ], [ 396151.543163166963495, 5823112.808472950011492 ], [ 396155.853520094533451, 5823118.625862190499902 ], [ 396190.642879995750263, 5823091.966155241243541 ], [ 396206.903300066769589, 5823079.457816803827882 ], [ 396223.657785713206977, 5823066.640103938058019 ], [ 396249.771735757822171, 5823062.243414674885571 ], [ 396305.116235981753562, 5823059.590118918567896 ], [ 396349.169646905444097, 5823057.351723461411893 ], [ 396368.347640244057402, 5823056.286749368533492 ], [ 396370.444787281681783, 5823056.146841080859303 ], [ 396398.018977694329806, 5823054.922050565481186 ], [ 396422.892485776275862, 5823053.648675647564232 ], [ 396475.653359768679366, 5823051.8444819226861 ], [ 396507.91590103454655, 5823050.030500270426273 ], [ 396541.777714861789718, 5823048.186077670194209 ], [ 396572.044962040090468, 5823046.610056253150105 ], [ 396697.302509959205054, 5823039.726294287480414 ], [ 396806.086529727908783, 5823034.156000866554677 ], [ 396850.722488152270671, 5823031.006608695723116 ], [ 396908.133605180657469, 5823026.614148084074259 ], [ 396964.720439371536486, 5823089.230820934288204 ], [ 396956.961903311952483, 5823101.877277710475028 ], [ 396941.928367095591966, 5823131.560558529570699 ], [ 396932.201052748889197, 5823156.343308756127954 ], [ 396927.277397393365391, 5823170.835621083155274 ], [ 396923.351385829155333, 5823185.208953662775457 ], [ 396919.921342356363311, 5823199.372865448705852 ], [ 396891.662470374256372, 5823222.408569312654436 ], [ 396919.923494968214072, 5823257.2671650769189 ], [ 396942.291637259011623, 5823239.943041848018765 ], [ 396954.266021297953557, 5823254.41367266420275 ], [ 396961.954027080268133, 5823248.567889795638621 ], [ 396961.842783357191365, 5823237.471093459054828 ], [ 397028.154538166476414, 5823238.408641378395259 ], [ 397045.757960949325934, 5823238.673503367230296 ], [ 397051.172632493311539, 5823239.4703474259004 ], [ 397061.325125627568923, 5823242.276801504194736 ], [ 397065.957284594827797, 5823243.98845221567899 ], [ 397070.693203479866497, 5823245.898108196444809 ], [ 397079.286379595578182, 5823250.83403729647398 ], [ 397087.794822603114881, 5823256.571500522084534 ], [ 397095.441728358506225, 5823264.325166424736381 ], [ 397122.832708422094584, 5823295.50066536385566 ], [ 397142.98992054577684, 5823319.614563385955989 ], [ 397174.708378642681055, 5823357.507011197507381 ], [ 397188.625660555553623, 5823374.240419688634574 ], [ 397204.26119739265414, 5823391.941021038219333 ], [ 397283.199456143600401, 5823483.629212721250951 ], [ 397327.974681720894296, 5823535.071726561523974 ], [ 397332.361263985396363, 5823534.388284340500832 ], [ 397336.6326695503667, 5823532.90711363311857 ], [ 397344.096792878117412, 5823541.564159542322159 ], [ 397358.487211746978574, 5823556.88868601154536 ], [ 397412.37713835661998, 5823540.864337423816323 ], [ 397465.571181734208949, 5823525.053219799883664 ], [ 397531.194832567824051, 5823505.605838834308088 ], [ 397587.476031394442543, 5823489.13602430652827 ], [ 397641.967556099116337, 5823473.200231862254441 ], [ 397657.953665741952136, 5823467.296485970728099 ], [ 397877.820955786679406, 5823382.619268449954689 ], [ 397880.698702450026758, 5823381.464599937200546 ], [ 397885.86208046914544, 5823379.566493951715529 ], [ 397893.999353862192947, 5823376.311909404583275 ], [ 397917.12318279966712, 5823367.172613608650863 ], [ 397918.096087982470635, 5823365.754234537482262 ], [ 397952.897928854159545, 5823481.580077361315489 ], [ 397980.523352649994195, 5823572.345040673390031 ], [ 397991.95104782585986, 5823610.623637007549405 ], [ 397995.974739357596263, 5823627.645324103534222 ], [ 398001.592887678416446, 5823649.636156316846609 ], [ 398006.533182904240675, 5823678.03924826066941 ], [ 398009.576250096899457, 5823706.578445350751281 ], [ 398010.437448885524645, 5823736.05908605735749 ], [ 398009.824071277223993, 5823766.867666454985738 ], [ 398008.623502594244201, 5823782.588942739181221 ], [ 398008.081758455431554, 5823790.898421306163073 ], [ 398007.359134259459097, 5823800.211242682300508 ], [ 398005.824452274595387, 5823814.139060432091355 ], [ 398002.591443668236025, 5823833.398675763979554 ], [ 397995.680947854591068, 5823864.327132407575846 ], [ 397986.669509343977552, 5823895.1955950781703 ], [ 397975.64185925014317, 5823925.202531603164971 ], [ 397969.803434184635989, 5823938.912310367450118 ], [ 397962.79600304143969, 5823954.244183024391532 ], [ 397947.941545989655424, 5823982.824123976752162 ], [ 397937.006347499205731, 5824001.930399554781616 ], [ 397910.580812982399948, 5824047.728918181732297 ], [ 397875.463850855652709, 5824109.69130037818104 ], [ 397873.044913305900991, 5824113.936929467134178 ], [ 397804.45694428961724, 5824235.030674355104566 ], [ 397790.181290376116522, 5824262.499728845432401 ], [ 397788.542959446262103, 5824265.73059890512377 ], [ 397774.523401876329444, 5824290.895009936764836 ], [ 397765.814849077840336, 5824306.159292183816433 ], [ 397760.877021294843871, 5824314.652458162046969 ], [ 397747.44577388651669, 5824339.205732570961118 ], [ 397739.875780226720963, 5824351.248660671524704 ], [ 397736.557253723149188, 5824355.511418952606618 ], [ 397728.023872167686932, 5824369.472498974762857 ], [ 397723.242185420938767, 5824375.66292342543602 ], [ 397712.008130865695421, 5824389.575429418124259 ], [ 397697.600272395880893, 5824404.848229225724936 ], [ 397677.748201801325195, 5824423.024397857487202 ], [ 397658.919510455103591, 5824437.18148353882134 ], [ 397646.379434513917658, 5824445.519415127113461 ], [ 397638.476322990318295, 5824450.569387022405863 ], [ 397625.90770171181066, 5824457.40801215171814 ], [ 397604.919068665651139, 5824468.406540681608021 ], [ 397557.993552621162962, 5824493.097548404708505 ], [ 397509.676280415267684, 5824518.215018787421286 ], [ 397478.783534194226377, 5824534.201634733006358 ], [ 397458.473642712517176, 5824544.08735825214535 ], [ 397437.533575043315068, 5824552.385238653048873 ], [ 397415.948106998228468, 5824558.295644711703062 ], [ 397393.161280284170061, 5824564.128933125175536 ], [ 397362.276230956369545, 5824570.016408666968346 ], [ 397330.893309397972189, 5824576.013353849761188 ], [ 397320.109448479663115, 5824597.816528776660562 ], [ 397317.224992287578061, 5824603.870852054096758 ], [ 397317.979861528321635, 5824606.756194334477186 ], [ 397327.427507711690851, 5824656.571390327066183 ], [ 397346.323539415898267, 5824672.210057133808732 ], [ 397352.838346554606687, 5824709.782300501130521 ], [ 397361.05709737027064, 5824752.821558294817805 ], [ 397366.833261310472153, 5824783.108583291992545 ], [ 397368.256369026959874, 5824789.580846645869315 ], [ 397368.69805445545353, 5824791.772220057435334 ], [ 397382.481655711366329, 5824864.502579742111266 ], [ 397367.636003855848685, 5824867.284980352967978 ], [ 397258.081815092533361, 5824890.168743383139372 ], [ 397232.888457946886774, 5824895.64791111368686 ], [ 397221.035728998773266, 5824898.073360570706427 ], [ 397223.999030641163699, 5824911.915573550388217 ], [ 397233.324915283650625, 5824955.333723455667496 ], [ 397240.755557244643569, 5824988.488969971425831 ], [ 397242.186280622612685, 5824995.361050374805927 ], [ 397244.327195215213578, 5824997.520071952603757 ], [ 397245.560906091472134, 5824999.29640553612262 ], [ 397246.915505651501007, 5825002.170329123735428 ], [ 397248.089227046701126, 5825006.047598016448319 ], [ 397251.125843309157062, 5825018.488551309332252 ], [ 397251.694127992494032, 5825022.077376869507134 ], [ 397252.336633805884048, 5825029.564405139535666 ], [ 397252.451730298169423, 5825040.861100709065795 ], [ 397252.704926520586014, 5825043.65600416995585 ], [ 397253.13221617747331, 5825060.846174554899335 ], [ 397253.799463156959973, 5825069.632603633217514 ], [ 397257.112197038892191, 5825075.568939419463277 ], [ 397244.420777375344187, 5825081.21004749648273 ], [ 397219.423522802419029, 5825086.485513785853982 ], [ 397230.375586151261814, 5825099.775661391206086 ], [ 397401.132598074618727, 5825308.403550672344863 ], [ 397446.687674393120687, 5825364.030579119920731 ], [ 397488.454985866439529, 5825415.030181230045855 ], [ 397497.258525844896212, 5825425.761477099731565 ], [ 397371.440746111969929, 5825529.247128007933497 ], [ 397266.09756190108601, 5825615.744622332975268 ], [ 397247.008982751343865, 5825632.006522818468511 ], [ 397186.496126987622119, 5825683.553797321394086 ], [ 397194.16782359033823, 5825692.606814634986222 ], [ 397182.181267765467055, 5825782.526237381622195 ], [ 397181.587184529867955, 5825793.336488198488951 ], [ 397180.44568157417234, 5825812.15637656673789 ], [ 397176.626469262526371, 5825811.12920824624598 ], [ 397165.004165972466581, 5825804.651172643527389 ], [ 397162.086448597023264, 5825803.706828571856022 ], [ 397150.817300772527233, 5825800.021792944520712 ], [ 397138.975070689688437, 5825797.747531989589334 ], [ 397128.080014048318844, 5825797.954989962279797 ], [ 397110.187147129618097, 5825803.495186505839229 ], [ 397095.48521535936743, 5825808.574662553146482 ], [ 397081.233571112970822, 5825811.045819647610188 ], [ 397062.374495315481909, 5825813.104758375324309 ], [ 397058.176399298070464, 5825813.184696479700506 ], [ 397009.7774011696456, 5825813.006394309923053 ], [ 396985.337989024701528, 5825816.071503467857838 ], [ 396979.169347577961162, 5825817.688817135989666 ], [ 396972.502835862280335, 5825819.415601290762424 ], [ 396954.489070986688603, 5825823.858210351318121 ], [ 396963.855811807734426, 5825895.672817911021411 ], [ 396982.811040684464388, 5825893.412063440307975 ], [ 396985.50398081477033, 5825914.058761487714946 ], [ 396967.350292876362801, 5825916.404244419187307 ], [ 396971.179818920616526, 5825944.228596845641732 ], [ 396968.279229474603198, 5825944.183839199133217 ], [ 396977.768845766142476, 5826006.697010959498584 ], [ 396981.229072384361643, 5826025.629264073446393 ], [ 396983.461353685182985, 5826032.586072569712996 ], [ 396987.184360535175074, 5826044.314025193452835 ], [ 397001.797522556153126, 5826081.832063019275665 ], [ 397002.344820669968612, 5826094.820369871333241 ], [ 396979.679848460480571, 5826096.55183457583189 ], [ 396982.760274539003149, 5826111.291729697957635 ], [ 396985.161955064628273, 5826127.144441956654191 ], [ 396991.736124844348524, 5826125.819371842779219 ], [ 396994.268909553647973, 5826190.564805988222361 ], [ 396996.176362739061005, 5826238.223819427192211 ], [ 396996.350548993330449, 5826242.120121146552265 ], [ 396996.736989120894577, 5826251.911804116331041 ], [ 396996.943532907636836, 5826257.50732343364507 ], [ 397002.16245309705846, 5826379.296021264046431 ], [ 397006.813664697459899, 5826382.007174564525485 ], [ 397012.958486535353586, 5826384.389914346858859 ], [ 397020.441765037947334, 5826383.547478893771768 ], [ 397033.612943938933313, 5826382.096777832135558 ], [ 397037.861507168330718, 5826379.416127013042569 ], [ 397037.823387412936427, 5826387.916020999662578 ], [ 397031.268252620124258, 5826390.240635096095502 ], [ 397030.488575160328764, 5826396.554866008460522 ], [ 397021.552635608939454, 5826394.62523867469281 ], [ 397020.324576778279152, 5826403.647744157351553 ], [ 397017.220270901860204, 5826403.406888900324702 ], [ 397007.581415237858891, 5826480.082960779778659 ], [ 397010.687624752754346, 5826480.423769402317703 ], [ 397002.553860566404182, 5826546.872179996222258 ], [ 396989.412946088938043, 5826591.918048973195255 ], [ 396988.98448221560102, 5826611.424302575178444 ], [ 396987.451690115092788, 5826646.450071826577187 ], [ 396992.884345894970465, 5826674.443867622874677 ], [ 396994.02944203390507, 5826697.819773506373167 ], [ 396991.210613503295463, 5826723.070991733111441 ], [ 396991.149615027650725, 5826740.870413701981306 ], [ 396991.810211879084818, 5826754.556494389660656 ], [ 396992.724989475158509, 5826765.837968997657299 ], [ 396995.436075875302777, 5826782.184736178256571 ], [ 396999.912973991828039, 5826812.496506405062973 ], [ 397010.75165994890267, 5826867.084735280834138 ], [ 397014.210021253966261, 5826885.917025323025882 ], [ 397019.920685861259699, 5826907.506147623062134 ], [ 397025.378143239591736, 5826926.300365360453725 ], [ 397033.695208552468102, 5826958.738782705739141 ], [ 397036.971766838163603, 5826973.274953965097666 ], [ 397046.659611793118529, 5827014.686382725834846 ], [ 397047.788600491243415, 5827021.464216108433902 ], [ 397048.911878632032312, 5827027.942187564447522 ], [ 397125.312577652628534, 5827002.089556649327278 ], [ 397128.699579521780834, 5827011.924081713892519 ], [ 397151.455706517561339, 5827077.984174760058522 ], [ 397259.361035241163336, 5827084.028345455415547 ], [ 397274.453087000700179, 5827130.936274015344679 ], [ 397314.842008252628148, 5827256.554614949971437 ], [ 397336.190423920750618, 5827253.948246233165264 ], [ 397364.14416919631185, 5827340.907227756455541 ], [ 397372.67546363879228, 5827368.841972430236638 ], [ 397384.758448750129901, 5827410.007758998312056 ], [ 397384.571839534910396, 5827421.210207557305694 ], [ 397388.683280186145566, 5827432.330796801485121 ], [ 397390.224480298697017, 5827434.501226392574608 ], [ 397398.026628284249455, 5827445.151562636718154 ], [ 397399.802003648248501, 5827449.117354344576597 ], [ 397406.296162947779521, 5827464.592127621173859 ], [ 397409.954483353591058, 5827472.921622402966022 ], [ 397433.819739605474751, 5827518.462543386034667 ], [ 397461.409031906456221, 5827560.032916435971856 ], [ 397499.436430686386302, 5827608.903735633008182 ], [ 397560.810349181236234, 5827670.828542525880039 ], [ 397568.761009724112228, 5827678.776308516040444 ], [ 397594.148481374315452, 5827704.490170436911285 ], [ 397597.01764808682492, 5827708.135155959054828 ], [ 397600.58840073220199, 5827711.866768808104098 ], [ 397638.834787588450126, 5827740.735371536575258 ], [ 397724.33204437373206, 5827793.501532432623208 ], [ 397809.731241989589762, 5827846.369527392089367 ], [ 397894.528800337458961, 5827899.148968037217855 ], [ 397909.808505008753855, 5827908.656956561841071 ], [ 398035.77491029468365, 5827986.249654433690012 ], [ 398042.451867061434314, 5827990.322055963799357 ], [ 398214.570542481960729, 5828097.132586990483105 ], [ 398302.289538427779917, 5828151.05617315787822 ], [ 398310.181162669323385, 5828155.905359143391252 ], [ 398501.734364772622939, 5828275.144453383050859 ], [ 398521.653807783150114, 5828286.763833232223988 ], [ 398739.633872642472852, 5828423.297662460245192 ], [ 398744.390738593414426, 5828426.306741986423731 ], [ 398752.08244891546201, 5828431.159727461636066 ], [ 398746.007146130141336, 5828448.173723353073001 ], [ 398745.32460243353853, 5828449.086632223799825 ], [ 398744.851486615021713, 5828450.495501157827675 ], [ 398627.107691074081231, 5828736.309954832307994 ], [ 398565.764801673532929, 5828885.964642859995365 ], [ 398560.422528569819406, 5828899.465162398293614 ], [ 398481.405071109416895, 5829092.352622263133526 ], [ 398432.288949016481638, 5829211.977275889366865 ], [ 398356.319698222272564, 5829396.907539322972298 ], [ 398352.219713819969911, 5829407.384685843251646 ], [ 398204.822158404916991, 5829396.293916234746575 ], [ 398195.211294453707524, 5829395.677081018686295 ], [ 398203.999889121332671, 5829447.60488055087626 ], [ 398230.440811201930046, 5829581.088880718685687 ], [ 398238.878097398555838, 5829619.824576179496944 ], [ 398254.361861640529241, 5829692.522899736650288 ], [ 398262.672541336796712, 5829729.861131730489433 ], [ 398280.322020146413706, 5829806.017867081798613 ], [ 398289.343816469656304, 5829843.942492189817131 ], [ 398293.613399509922601, 5829863.359360305592418 ], [ 398314.02549529884709, 5829948.062663708813488 ], [ 398319.670657692244276, 5829971.4529575323686 ], [ 398331.612131521105766, 5830020.92088957875967 ], [ 398333.35423293261556, 5830028.387010770849884 ], [ 398357.008540773531422, 5830094.330255041830242 ], [ 398360.27852381800767, 5830103.267128705978394 ], [ 398365.558096590160858, 5830117.965182576328516 ], [ 398376.322865304071456, 5830147.657343920320272 ], [ 398380.519100037461612, 5830157.976440987549722 ], [ 398395.841833787155338, 5830195.980988544411957 ], [ 398446.21000695170369, 5830320.509804897010326 ], [ 398456.502598759136163, 5830346.411300082691014 ], [ 398466.535324302851222, 5830374.417551127262414 ], [ 398487.182446335325949, 5830434.718569225631654 ], [ 398502.356784326140769, 5830485.924701936542988 ], [ 398527.168773058860097, 5830560.145060821436346 ], [ 398548.973467228643131, 5830618.224206223152578 ], [ 398558.766303310985677, 5830644.135207444429398 ], [ 398565.72134245588677, 5830662.800952064804733 ], [ 398580.244480079505593, 5830700.820693489164114 ], [ 398602.701254085637629, 5830756.387628889642656 ], [ 398639.641185221378691, 5830847.875242911279202 ], [ 398671.555686537176371, 5830922.260189264081419 ], [ 398674.593396696320269, 5830929.501631102524698 ], [ 398677.486433671845589, 5830939.645560246892273 ], [ 398683.126761342224199, 5830947.037392716854811 ], [ 398691.949472756357864, 5830958.768178837373853 ], [ 398704.741780214302707, 5830968.923466372303665 ], [ 398767.410454144817777, 5831004.325960757210851 ], [ 398774.919435368676204, 5831010.082333366386592 ], [ 398811.007842523395084, 5831035.892224922776222 ], [ 398825.295650438056327, 5831045.819028897210956 ], [ 398831.605942205002066, 5831146.089427681639791 ], [ 398832.995948022755329, 5831166.56102991476655 ], [ 398835.035288819752168, 5831200.119037432596087 ], [ 398837.220299669483211, 5831236.074045088142157 ], [ 398841.692189075867645, 5831308.082108875736594 ], [ 398842.872770514339209, 5831328.057747358456254 ], [ 398856.087611425959039, 5831538.786249960772693 ], [ 398865.526559352641925, 5831687.792460914701223 ], [ 398926.276189350464847, 5831727.430988531559706 ], [ 398946.831641584052704, 5831740.937976733781397 ], [ 398995.530532354023308, 5831772.606898540630937 ], [ 398999.072736364614684, 5831774.839181167073548 ], [ 399009.687919191841502, 5831780.936302796937525 ], [ 399078.20728440664243, 5831819.026863996870816 ], [ 399168.030287428002339, 5831867.910377943888307 ], [ 399197.408354159560986, 5831882.649085582233965 ], [ 399244.95719996211119, 5831906.440625987946987 ], [ 399292.316558101272676, 5831925.53621499799192 ], [ 399310.854769423429389, 5831932.882205666974187 ], [ 399346.228162390063517, 5831947.406658124178648 ], [ 399403.46300531871384, 5831970.513639879412949 ], [ 399441.75220047950279, 5831985.88243225030601 ], [ 399458.57785448199138, 5831992.561119246296585 ], [ 399467.544237811875064, 5831996.089894299395382 ], [ 399491.648486008052714, 5832006.929462208412588 ], [ 399540.867947751074098, 5832029.18927008099854 ], [ 399574.653490602737293, 5832044.343905474990606 ], [ 399683.811326672439463, 5832095.158596868626773 ], [ 399685.021304945636075, 5832100.934983210638165 ], [ 399694.165170591382775, 5832145.256468439474702 ], [ 399729.536410134518519, 5832317.065864156000316 ], [ 399730.75020116585074, 5832323.04215725325048 ], [ 399733.009250522125512, 5832331.398299904540181 ], [ 399734.724716161028482, 5832337.465022354386747 ], [ 399736.205984537082259, 5832341.736380451358855 ], [ 399773.004636671044864, 5832462.52342137042433 ], [ 399807.665174532972742, 5832576.051888046786189 ], [ 399825.156814560003113, 5832633.412980095483363 ], [ 399827.385388670489192, 5832640.169853057712317 ], [ 399838.078913847159129, 5832671.363030382432044 ], [ 399851.742604383907747, 5832711.498732513748109 ], [ 399855.976986373309046, 5832723.816837430000305 ], [ 399870.701182037009858, 5832767.132015530951321 ], [ 399873.452388152596541, 5832775.078810451552272 ], [ 399878.521709240972996, 5832794.480317954905331 ], [ 399886.610728798026685, 5832825.423155753873289 ], [ 399907.965674051665701, 5832907.10824261046946 ], [ 399914.921933845500462, 5832941.572328874841332 ], [ 399916.500368334702216, 5832950.941339667886496 ], [ 399921.315558080386836, 5832972.747455223463476 ], [ 399944.939740429108497, 5833037.090939628891647 ], [ 399951.894859241670929, 5833055.756563479080796 ], [ 399968.663884802837856, 5833101.432510280050337 ], [ 399972.040605535032228, 5833115.966741961427033 ], [ 399989.481140273273923, 5833191.62699169293046 ], [ 399998.424182090559043, 5833230.652751915156841 ], [ 400022.293561444384977, 5833334.087758967652917 ], [ 400027.468993406160735, 5833385.284159222617745 ], [ 400029.078943160420749, 5833401.551898623816669 ], [ 400033.158560146053787, 5833442.470178957097232 ], [ 400037.434136046213098, 5833472.685756077989936 ], [ 400040.210264290450141, 5833492.430927813053131 ], [ 400040.676762895542197, 5833495.92169779818505 ], [ 400044.966703410085756, 5833532.13642062060535 ], [ 400050.331514794612303, 5833577.529765476472676 ], [ 400052.996262321423274, 5833596.67711684294045 ], [ 400054.345343753579073, 5833609.750135950744152 ], [ 400059.724525859870482, 5833661.142625214532018 ], [ 400062.397924257791601, 5833685.989260082133114 ], [ 400063.428094061673619, 5833698.068454263731837 ], [ 400064.376336834451649, 5833705.849625428207219 ], [ 400065.224773775844369, 5833724.131684825755656 ], [ 400066.170233173528686, 5833737.012416314333677 ], [ 400071.434533358667977, 5833808.605140797793865 ], [ 400031.173078806023113, 5833805.173023183830082 ], [ 399988.672624675557017, 5833799.683787492103875 ], [ 399979.66344315209426, 5833799.155590658076108 ], [ 399924.114758150011767, 5833796.314851412549615 ], [ 399893.283246557344683, 5833794.502801199443638 ], [ 399888.304756921366788, 5833806.096597610041499 ], [ 399882.476221008691937, 5833820.306348462589085 ], [ 399864.019656807882711, 5833864.453968739137053 ], [ 399860.885189072228968, 5833883.61188586242497 ], [ 399858.46842373238178, 5833898.456534850411117 ], [ 399846.264260535303038, 5833945.384696534834802 ], [ 399843.814076925395057, 5833953.230655291117728 ], [ 399842.119701380957849, 5833958.762427040375769 ], [ 399840.992658182629384, 5833962.58354701846838 ], [ 399822.175583031377755, 5834024.536346073262393 ], [ 399821.712015550525393, 5834026.445000858977437 ], [ 399768.571572065819055, 5834013.559344558045268 ], [ 399725.843474891735241, 5834001.375108920037746 ], [ 399678.467955003725365, 5833986.679711381904781 ], [ 399636.874514244613238, 5833971.074163462966681 ], [ 399600.145545116160065, 5833958.875548218376935 ], [ 399543.792182319215499, 5833940.051689867861569 ], [ 399495.86249529547058, 5833917.267608633264899 ], [ 399382.545307505119126, 5833863.333039439283311 ], [ 399323.083850129041821, 5833912.262005336582661 ], [ 399286.820061745936982, 5833945.450220451690257 ], [ 399231.194958730600774, 5833996.305893209762871 ], [ 399228.738026239734609, 5833998.552522073499858 ], [ 399223.332012604223564, 5834003.455123979598284 ], [ 399218.514290897117462, 5834007.746568006463349 ], [ 399191.778368321130984, 5834031.954001392237842 ], [ 399088.07408993714489, 5834125.622308711521327 ], [ 399014.28139591019135, 5834193.822782635688782 ], [ 399013.199049795453902, 5834194.743331610225141 ], [ 399004.530753821250983, 5834201.607951967976987 ], [ 399003.546456358977593, 5834202.426641199737787 ], [ 398981.524487614049576, 5834222.144650956615806 ], [ 398843.843745383841451, 5834337.858795963227749 ], [ 398737.959719417325687, 5834385.373125444166362 ], [ 398708.977157837012783, 5834407.123681733384728 ], [ 398648.802477651042864, 5834444.867464675568044 ], [ 398589.655915279465262, 5834484.091521580703557 ], [ 398558.157344017759897, 5834504.990143803879619 ], [ 398381.645742245600559, 5834624.14450232218951 ], [ 398220.240151802543551, 5834733.211497706361115 ], [ 398124.582894755934831, 5834797.929185221903026 ], [ 398051.221876857045572, 5834846.823282872326672 ], [ 397976.376778795500286, 5834896.545613264665008 ], [ 397911.503213724587113, 5834939.578466838225722 ], [ 397827.569208520289976, 5835063.267399989999831 ], [ 397771.648439168464392, 5835145.826033166609704 ], [ 397747.818928512162529, 5835180.87716621812433 ], [ 397742.179733574273996, 5835189.283916153945029 ], [ 397738.094075901666656, 5835195.261268014088273 ], [ 397734.785186852328479, 5835200.023920831270516 ], [ 397592.884790904121473, 5835409.110390444286168 ], [ 397556.998233157850336, 5835462.08980895485729 ], [ 397562.116400505648926, 5835489.289781201630831 ], [ 397563.456877700518817, 5835496.663560771383345 ], [ 397564.90302671585232, 5835504.335298798047006 ], [ 397592.300890961894765, 5835651.199718978255987 ], [ 397593.641370764584281, 5835658.573497585952282 ], [ 397607.144224113144446, 5835732.209421074017882 ], [ 397621.367734735365957, 5835806.931502416729927 ], [ 397622.491155916592106, 5835813.40949934348464 ], [ 397652.443452829204034, 5835973.623976524919271 ], [ 397687.478857537265867, 5836164.438753418624401 ], [ 397704.559606909286231, 5836257.904638175852597 ], [ 397720.576877166633494, 5836342.791568772867322 ], [ 397734.955713302420918, 5836420.410391131415963 ], [ 397736.181003614328802, 5836426.986433857120574 ], [ 397790.890757476910949, 5836721.416624097153544 ], [ 397712.67018042888958, 5836678.012061600573361 ], [ 397571.466983178514056, 5836598.511679055169225 ], [ 397546.697095172363333, 5836589.484798897057772 ], [ 397473.89627133263275, 5836562.875339865684509 ], [ 397455.027510443760548, 5836553.935926774516702 ], [ 397368.85435015487019, 5836512.982719982974231 ], [ 397298.722623534093145, 5836479.522956877015531 ], [ 397270.973987000877969, 5836466.353232002817094 ], [ 397210.595025176706258, 5836435.707242920063436 ], [ 397077.046056842780672, 5836390.55769557133317 ], [ 397007.79524556954857, 5836329.883510301820934 ], [ 396954.393813566537574, 5836287.605474463663995 ], [ 396931.347690112015698, 5836269.346515279263258 ], [ 396929.519916726450901, 5836267.881495363079011 ], [ 396922.888808165153023, 5836276.707149391062558 ], [ 396920.545165693969466, 5836279.651575023308396 ], [ 396919.099209864507429, 5836282.47889478225261 ], [ 396918.132062827411573, 5836284.197183283045888 ], [ 396912.110422182420734, 5836304.010243950411677 ], [ 396913.510208944091573, 5836324.981696791946888 ], [ 396911.679892485844903, 5836339.115344190038741 ], [ 396912.072298763028812, 5836349.206968424841762 ], [ 396913.693597963429056, 5836355.575490728020668 ], [ 396917.25787303794641, 5836364.20676532946527 ], [ 396921.276179900043644, 5836370.429595969617367 ], [ 396922.642298348655459, 5836373.903240102343261 ], [ 396921.619033040828072, 5836377.922395011410117 ], [ 396918.063652068027295, 5836385.48951636813581 ], [ 396904.624401110224426, 5836404.344097608700395 ], [ 396896.710190214798786, 5836419.293677436187863 ], [ 396885.502131788874976, 5836429.306499857455492 ], [ 396869.521869398246054, 5836435.51065338589251 ], [ 396856.82952359772753, 5836435.852633563801646 ], [ 396848.777026019175537, 5836438.3059570947662 ], [ 396845.514099587337114, 5836455.966611415147781 ], [ 396860.185432004276663, 5836496.483282978646457 ], [ 396900.642574540688656, 5836599.302761981263757 ], [ 396917.530075623420998, 5836640.677090702578425 ], [ 396948.163496138702612, 5836715.986302320845425 ], [ 396958.919239918701351, 5836745.178623634390533 ], [ 396971.781658198102377, 5836774.730741263367236 ], [ 396975.964729238592554, 5836784.350124714896083 ], [ 396983.700647372752428, 5836802.001049182377756 ], [ 397014.705712789436802, 5836849.605611904524267 ], [ 397039.185752575984225, 5836880.136106690391898 ], [ 397114.08775301289279, 5837001.197073590941727 ], [ 397182.473429268749896, 5837110.883274331688881 ] ], [ [ 398823.282986883656122, 5831013.660381050780416 ], [ 398824.396891189215239, 5831030.13761799223721 ], [ 398824.711080074950587, 5831036.131071913987398 ], [ 398819.041271767346188, 5831032.439460711553693 ], [ 398782.952865535276942, 5831006.629569411277771 ], [ 398771.08681218867423, 5830997.856506199575961 ], [ 398709.021673559094779, 5830962.642492638900876 ], [ 398697.344099289330188, 5830953.26589045394212 ], [ 398686.484211997478269, 5830939.574106600135565 ], [ 398700.992881610058248, 5830950.596607640385628 ], [ 398797.433792187366635, 5831000.454195526428521 ], [ 398823.282986883656122, 5831013.660381050780416 ] ] ] ] } }
]
}
